,Activision_Blizzard_predictions,ATT_predictions,CBS_predictions,CenturyLink_predictions,Comcast_predictions,Discovery_Class_A_predictions,Discovery_Class_C_predictions,Dish_predictions,Electronic_Arts_predictions,Facebook_predictions,Interpublic_Group_predictions,Netflix_predictions,News_Corp_Class_A_predictions,News_Corp_Class_B_predictions,Omnicom_Group_predictions,Take_Two_Interactive_predictions,Twitter_predictions
0,[43.83753345],[39.04767452],[55.67050863],[27.83023714],[65.8282945],[26.94767086],[26.32409811],[55.99343916],[84.91906409],[130.32483074],[22.67659141],[102.87485064],[13.93864189],[14.27531014],[82.69416899],[43.94294232],[17.65805808]
1,[42.97795152],[39.091038],[55.35384135],[27.61064775],[64.98314088],[26.312826],[25.741915],[55.29464489],[83.45556825],[128.91807197],[22.51883672],[100.31383101],[13.63058902],[13.94697235],[81.92049095],[42.46139697],[17.95185794]
2,[43.41855763],[39.35369975],[55.19679474],[27.55596337],[65.32514513],[26.06042895],[25.42410367],[55.65278842],[82.57995022],[129.05254397],[22.62791213],[99.20617005],[13.4505068],[13.72819642],[82.73655462],[42.63697548],[18.52187006]
3,[43.19716585],[39.36186524],[55.22675957],[27.39131262],[65.11703925],[25.62022285],[24.9593416],[56.97676002],[81.84164084],[127.99786842],[22.50792513],[99.90448631],[13.56807388],[13.89560179],[82.02257749],[42.45925249],[17.83361533]
4,[43.7524342],[39.22344668],[55.06910482],[27.33845314],[65.24481023],[25.24195467],[24.61951719],[56.96456317],[82.79254335],[128.10779407],[22.66989682],[101.08339349],[13.36558106],[13.7592867],[82.92954123],[42.75327742],[17.06872265]
5,[43.52115106],[39.26135754],[55.38991287],[27.36885791],[65.067089],[25.22390694],[24.52430917],[56.73743015],[82.45547192],[127.78122987],[22.56305206],[99.36181187],[13.38465699],[13.81075519],[82.74338874],[44.77532133],[16.60320003]
6,[44.21870597],[39.36769644],[55.09084837],[27.89869653],[64.9036123],[25.1210834],[24.40950881],[56.58465546],[84.17352679],[128.78737243],[22.58208784],[118.29367536],[13.53103701],[13.92469905],[81.08823908],[44.97892539],[16.75668224]
7,[43.7870348],[39.39834944],[55.52887956],[28.1712765],[64.94314138],[25.52752959],[24.79373073],[57.45921059],[82.78313212],[130.26095814],[22.60016916],[120.7869293],[13.63579307],[13.98651596],[80.42480046],[44.27285162],[17.045119]
8,[44.3667272],[38.64801087],[56.44006633],[27.94553397],[64.37854487],[25.6281348],[24.91360331],[59.23311884],[82.52987041],[129.99761853],[22.53555047],[122.78209977],[13.51041961],[13.79476269],[79.60323665],[44.95210269],[16.93250433]
9,[44.53962486],[37.47407545],[57.65796687],[28.19429731],[64.12845898],[26.5387205],[25.82921706],[57.32623749],[82.97704614],[131.97691614],[22.38869308],[126.63957598],[13.40183615],[13.68712285],[79.83273825],[44.88142687],[17.94201965]
10,[45.48876154],[36.84095007],[56.43283854],[28.3185378],[65.00354976],[26.53460188],[25.86002432],[58.70853517],[84.32916709],[133.29186278],[22.87698916],[126.88663964],[12.94324192],[13.16680802],[80.372588],[45.87043224],[17.95307305]
11,[45.03905476],[36.74195737],[56.04928522],[28.44083947],[64.52126402],[26.05159111],[25.34843521],[58.60944202],[82.97546372],[132.16297307],[22.70068267],[126.12772045],[12.61298212],[12.96991374],[80.1128586],[45.90289042],[17.20298177]
12,[44.48521502],[36.48097086],[56.62980447],[28.23724965],[62.64885909],[26.36101598],[25.60608708],[58.31571463],[82.59385466],[130.89868256],[22.38367086],[126.56372273],[12.9305947],[13.1721646],[79.67590344],[45.3562167],[17.16415918]
13,[43.79255365],[36.53573123],[56.3600993],[30.99759354],[61.5898817],[26.04305062],[25.29603264],[58.16936034],[82.83223563],[129.85676211],[22.04765343],[126.13549395],[12.18288608],[12.56569343],[79.12688019],[45.18227839],[17.2034456]
14,[43.4369808],[36.50574843],[56.62192595],[30.38631641],[61.96057733],[25.7425114],[25.05759755],[57.326955],[79.43500019],[131.67900048],[22.32742114],[126.24035988],[12.17760871],[12.52522312],[79.64698225],[44.77441729],[17.60740503]
15,[43.2692045],[36.81461888],[56.58272973],[26.53660425],[61.92830579],[26.04375863],[25.05407561],[58.63191457],[78.58867191],[131.31479263],[22.39948196],[124.50630045],[12.15475586],[12.41137136],[79.78436603],[44.50410755],[17.93346463]
16,[42.67719928],[36.54733704],[55.82845753],[25.14607493],[61.60208385],[25.68882238],[24.69077293],[57.07962998],[78.01443689],[129.52246822],[22.17607509],[123.02233329],[11.99123869],[12.36467424],[79.28847301],[44.06902009],[17.43542041]
17,[42.67677059],[36.37014618],[55.16937679],[24.36081209],[61.5427345],[25.1033363],[24.2772098],[55.1448047],[79.39306131],[127.21607381],[22.05841753],[122.044304],[11.87772397],[12.12386693],[79.02499956],[44.82741311],[17.49369555]
18,[43.42131482],[36.6141732],[55.42557382],[23.04962472],[60.95000271],[25.71029415],[24.7433372],[54.86233859],[80.75949805],[120.18782984],[21.85303436],[121.85678592],[11.82270915],[12.14875923],[79.20071545],[48.07719823],[17.47111121]
19,[41.73630235],[36.5227015],[56.9297087],[23.20304975],[60.72309817],[25.54468136],[24.51315604],[54.86843697],[80.25870885],[121.35505173],[22.06431476],[121.70016628],[11.88681367],[12.15222741],[79.51728275],[48.12693068],[17.90500297]
20,[41.19984381],[36.82733212],[57.64157317],[23.39197301],[61.56422377],[25.44386751],[24.63107883],[56.32959365],[81.1079059],[123.23317658],[22.2483071],[124.21464192],[12.22103074],[12.49846824],[80.53438474],[49.46325358],[18.35617101]
21,[41.09794531],[36.97511853],[57.83028867],[24.22601329],[62.50986094],[25.79192493],[25.02577673],[56.64520425],[81.54604484],[124.75162951],[22.57307749],[123.88982885],[11.63964897],[12.1056011],[81.28230441],[49.0824169],[18.29652242]
22,[40.25452898],[37.47294866],[57.42815323],[24.29077526],[63.4404833],[25.78605329],[25.0586459],[58.02329882],[79.38721288],[122.92111387],[21.92303025],[121.83837561],[11.97642617],[12.34181107],[80.86585587],[48.86401166],[18.98697161]
23,[38.77643389],[36.53850911],[57.10878876],[23.74644561],[65.05677796],[25.93418813],[25.26969831],[56.27629331],[76.70214329],[120.55193717],[21.88534336],[115.12648127],[11.9597006],[12.35927373],[80.42611601],[47.1073792],[18.29191791]
24,[39.52302507],[36.49824309],[57.68838381],[23.77796608],[66.33627302],[26.3561254],[25.71654735],[55.60946578],[77.64093944],[119.144099],[22.08585753],[114.69101681],[12.05827596],[12.29489984],[81.25902629],[47.93728092],[18.40868549]
25,[37.80606405],[36.09397996],[58.8146942],[24.30708064],[67.15646774],[28.25137668],[27.26517161],[53.82817259],[76.57244271],[115.49149961],[22.18317781],[113.1243837],[12.22502844],[12.54179686],[83.07903585],[46.73215006],[19.00613254]
26,[38.62205786],[36.84279788],[59.2373425],[24.71608142],[66.85251001],[27.70108494],[26.64097088],[54.87861823],[77.86408301],[117.78411323],[22.98713602],[113.39171948],[11.96896607],[12.31621658],[83.87565315],[46.65331858],[18.88118884]
27,[38.96062608],[37.15387229],[59.44009729],[24.48750423],[67.39733792],[27.49992265],[26.54115185],[54.630532],[79.03380519],[116.93392616],[23.15689335],[114.7746967],[12.01969012],[12.34040807],[84.90657032],[46.72660668],[18.63955206]
28,[39.95500099],[37.44411728],[60.05105383],[24.22693045],[68.43350195],[27.9743325],[27.0796013],[55.76806202],[79.71091731],[117.92422064],[24.1121286],[114.62753978],[11.98249145],[12.34791793],[87.1501823],[48.44117349],[18.43312577]
29,[38.42336595],[37.51604462],[59.97262033],[24.79965316],[68.29168805],[27.33548169],[26.59511086],[55.80263031],[78.96100429],[116.95787428],[23.60179477],[114.82175794],[11.84720027],[12.16913756],[84.95209169],[47.860659],[18.59418425]
30,[38.48817103],[37.73402468],[60.31843008],[25.54664397],[68.23061241],[27.46848575],[26.63540583],[56.21174887],[78.20014194],[121.87237041],[23.92288241],[117.53870628],[11.72965448],[12.04829805],[86.47133704],[47.98510341],[18.56897463]
31,[37.25359487],[38.56697979],[60.89894816],[25.1839494],[69.01815677],[27.39546474],[26.54731702],[56.03594377],[77.77979431],[121.51709774],[24.30288726],[117.59148465],[11.66894563],[11.98976723],[87.36857616],[47.40317635],[18.58961339]
32,[37.31651051],[38.74929504],[60.01894353],[24.34246796],[68.9054431],[27.23573686],[26.39086949],[55.68216475],[79.55391629],[120.41127345],[24.4128504],[117.30463373],[11.79205996],[12.09174567],[87.95435872],[48.20454156],[18.17352036]
33,[37.30612049],[39.22252519],[60.94949782],[24.68293278],[69.20999986],[27.47287465],[26.70955738],[55.93079741],[79.29807932],[120.20360375],[24.55760678],[117.00645698],[11.79685498],[12.10141349],[88.42179939],[48.93655723],[17.97796041]
34,[37.4012507],[39.51957822],[60.41063418],[24.61996108],[68.28696733],[27.1294211],[26.50411745],[56.13816088],[78.75153321],[120.66805105],[24.56263134],[116.60019689],[11.83957105],[12.10295293],[88.18848555],[48.45854301],[18.22352533]
35,[37.98480818],[39.50335625],[61.04880556],[24.18983113],[70.20604205],[27.55883672],[27.04277752],[57.75610648],[81.53365995],[121.07801921],[24.36333093],[117.16998642],[11.53246714],[11.89169642],[88.44560251],[50.05316067],[18.14255188]
36,[36.65065915],[38.58365778],[60.69809565],[23.51231766],[69.43917971],[27.01466735],[26.38008741],[57.40713915],[79.21713313],[118.49084187],[24.08538043],[116.62709077],[11.5399264],[11.93384182],[86.98724361],[49.21143655],[18.44163979]
37,[35.65036361],[38.86414856],[60.59047881],[23.77105661],[69.93690926],[27.03906919],[26.42157951],[56.23158374],[75.44189476],[115.08567522],[24.14223987],[116.87911356],[11.76262545],[11.9954643],[87.67835683],[47.39796197],[17.9955183]
38,[35.79625061],[38.62496567],[60.16759181],[23.92671505],[68.77870955],[26.54141097],[25.98114122],[55.50002657],[75.9936011],[115.81876903],[24.00263286],[120.40693923],[11.63362394],[12.03769662],[86.31101489],[47.61506019],[17.83445893]
39,[36.5261801],[38.68209549],[60.95548113],[24.19687886],[68.68077907],[27.27505848],[26.54587323],[56.67932105],[77.75156066],[118.14456501],[24.0068151],[118.70000369],[11.82531334],[12.06075694],[86.23000133],[48.30581167],[18.13703162]
40,[36.71284428],[39.33891398],[61.12139699],[23.99157503],[68.75133094],[27.73565699],[27.01395877],[58.55888176],[77.07213137],[117.51042193],[23.2912167],[124.2074088],[11.79007534],[12.03904357],[84.25979638],[48.16204001],[18.15140255]
41,[37.44619966],[40.52374647],[63.45887619],[24.27702082],[69.37005536],[28.6849137],[27.94828414],[58.64217178],[78.14347564],[117.75528202],[23.45741369],[124.7825063],[11.80135167],[12.14330184],[85.40537555],[49.17770866],[19.37511128]
42,[37.37772521],[40.430308],[63.58391155],[24.09750187],[69.27951044],[29.49140483],[28.65110105],[60.00277045],[77.77742269],[118.91395038],[23.64419654],[122.90216245],[11.92807708],[12.19060854],[85.28847125],[49.58072372],[19.57087964]
43,[36.79324579],[40.33427748],[62.69999036],[24.10215564],[69.48368415],[28.9707106],[28.13407764],[58.88686918],[78.8101782],[119.73186494],[23.9206366],[122.48240657],[12.03329021],[12.39994032],[86.91264689],[49.65184679],[19.53926734]
44,[37.20166997],[41.08695831],[62.16418709],[23.91684332],[68.99800338],[28.47966933],[27.61821886],[57.80019728],[80.74755108],[117.65737821],[23.99033689],[122.52806097],[12.00367531],[12.29295424],[87.2129345],[50.05638537],[18.84622732]
45,[37.34397141],[41.39928884],[62.93270494],[24.44534815],[70.00515028],[28.6717723],[27.74618228],[58.51876278],[80.75132802],[120.34131511],[24.28611272],[123.47785394],[11.86721689],[12.23157316],[88.3537154],[50.68931299],[19.12854948]
46,[36.77093714],[41.10972909],[63.60706501],[23.8202885],[70.01091955],[28.57107139],[27.6413661],[59.71927724],[80.67770614],[120.46723642],[24.11099509],[123.05289688],[11.87019732],[12.19283828],[87.88732133],[49.92747234],[18.88243113]
47,[37.03310452],[41.47655817],[64.0951437],[23.97588137],[69.89729011],[28.76717586],[27.74677831],[58.44173099],[81.52806085],[120.48930967],[24.16675085],[124.64720386],[11.66695694],[12.01638062],[88.09122274],[50.45587001],[18.74845807]
48,[36.50983369],[41.67665982],[64.56371923],[24.18093687],[69.8926939],[28.32734963],[27.46903998],[58.45002588],[79.4261379],[119.80119637],[23.89989422],[123.80671048],[11.59566443],[11.99650364],[86.2536952],[49.39223653],[18.62287023]
49,[36.67174316],[42.1651525],[64.33963668],[24.15717219],[70.1353184],[28.07129492],[27.29701956],[57.98726158],[79.59627803],[119.32043952],[23.88963501],[125.12829871],[11.73623533],[12.15143045],[85.98122931],[49.11205465],[18.16740259]
50,[36.86722416],[42.47559791],[64.63387115],[24.12725701],[71.0354276],[28.42124577],[27.58279028],[58.40862547],[79.61722894],[119.26134322],[23.72421707],[124.70552501],[11.63334826],[11.93569201],[86.15177283],[50.05053202],[17.91427785]
51,[36.91995397],[42.37035313],[64.60403011],[23.73963654],[70.82613491],[28.34516781],[27.59927392],[59.60226224],[79.81097669],[119.26432026],[23.52218605],[126.17882879],[11.72217571],[12.05479982],[86.01816857],[49.76246294],[17.08034457]
52,[36.47238004],[42.72053411],[64.51208129],[23.87411288],[71.04729422],[28.04889512],[27.3316075],[59.03500291],[79.93470143],[117.51846215],[23.58183041],[125.16709283],[11.744326],[12.05295606],[86.1880848],[49.4722964],[16.40275808]
53,[36.53560819],[42.73082084],[64.67101899],[24.06224201],[70.63873326],[27.92845806],[27.23247489],[58.9293746],[80.78405262],[117.39926605],[23.61653921],[125.28753623],[11.70835424],[12.02275678],[86.33821583],[49.90403005],[16.47101687]
54,[36.56536291],[42.6714811],[64.83413872],[24.12619307],[70.87894783],[28.02919753],[27.42706255],[59.52626735],[81.15164422],[118.32782001],[23.76140214],[127.96631223],[11.91470599],[12.26955571],[86.85508788],[49.69881686],[16.60488164]
55,[36.46207175],[42.50342431],[64.51640461],[24.01591132],[70.47207039],[27.80301478],[27.18640242],[58.92707026],[80.3822912],[117.0980114],[23.53641544],[125.49838145],[11.67320899],[12.02836542],[86.02439771],[49.36802105],[16.44342711]
56,[36.51393699],[42.67407234],[64.51524159],[24.01803511],[70.12683867],[27.60965404],[26.92744315],[58.42672792],[80.19242504],[116.35689683],[23.64226378],[125.05707665],[11.64528515],[12.03968117],[85.75208707],[49.67580284],[16.37397388]
57,[36.14440463],[42.540883],[63.60697632],[23.75362905],[69.0939572],[27.33525249],[26.71469144],[57.8899456],[78.7613972],[115.21442732],[23.42893619],[123.44835901],[11.45695839],[11.79022789],[85.104603],[49.30621233],[16.2188185]
58,[36.66885492],[43.05058307],[64.38462219],[25.42121374],[69.1140223],[27.87125648],[27.29286137],[59.76968516],[79.32429376],[117.14799661],[23.52100885],[127.25188825],[11.6635317],[12.02573803],[85.11939856],[49.31384787],[16.35390758]
59,[37.36709244],[42.77148052],[65.66974815],[25.42077232],[69.93726097],[28.21639701],[27.57609118],[60.35884063],[80.84931014],[118.98025494],[23.63189603],[128.93342264],[11.88528702],[12.26974228],[85.65924384],[50.16949104],[16.78365614]
60,[37.92227859],[42.66541692],[65.5292385],[25.44848641],[70.18160264],[27.10219294],[26.49743906],[60.82027128],[78.99174362],[120.6325018],[23.13052869],[131.39729372],[11.87439266],[12.23489028],[85.11845083],[49.42291985],[17.01007276]
61,[37.89399867],[41.25711394],[64.39800958],[25.36168319],[70.32589707],[27.40701613],[26.79701376],[61.33857654],[79.10772579],[123.21013767],[23.6144975],[130.56206856],[11.94407847],[12.2685806],[85.82650309],[49.98539411],[17.093635]
62,[37.69854768],[40.77587174],[63.46283849],[25.17463458],[70.84091596],[26.79397915],[26.18505217],[61.6323033],[78.68114505],[124.67836344],[23.53839363],[130.61918341],[11.98401442],[12.38310901],[85.35902764],[50.44709246],[17.37264475]
63,[38.39127163],[40.80540759],[62.61922465],[25.19507903],[70.8824073],[26.21524322],[25.60915185],[61.75019212],[78.97854665],[123.98563796],[23.32939337],[129.54052011],[11.97957686],[12.48111655],[85.33766307],[50.70278249],[17.25717473]
64,[39.19574292],[40.67757243],[62.96038024],[25.23792158],[71.7249964],[26.48033127],[25.97386202],[61.88932155],[79.15995645],[125.92816658],[23.66299562],[130.23559874],[12.03222189],[12.5444638],[85.76965948],[51.1791497],[17.20059928]
65,[39.11411583],[41.04641564],[62.347351],[25.17123639],[71.39864979],[27.10587961],[26.57074139],[62.29190876],[79.70902955],[126.72881839],[23.72438273],[128.84060686],[12.01172601],[12.44347197],[85.48687921],[50.84273551],[17.2799142]
66,[38.95538145],[40.96772888],[62.36402042],[25.26033382],[72.79004884],[27.32325628],[26.75833689],[62.26593792],[80.44550573],[128.33144063],[23.58578667],[133.40420025],[12.0370612],[12.43251913],[85.3792081],[51.52730699],[17.16027454]
67,[38.97555146],[41.1357099],[62.23379789],[25.46977526],[72.52618443],[27.73219777],[27.08522787],[62.17036263],[80.25588518],[127.78662977],[23.51349809],[132.39832826],[12.22882465],[12.69621024],[84.82588704],[51.40664499],[16.91921969]
68,[39.10869655],[40.77433653],[63.47479129],[25.44975633],[72.28374072],[27.92746859],[27.35013229],[61.31757371],[80.5707729],[127.81891139],[23.55284577],[132.96409002],[12.12721012],[12.53249446],[85.18340108],[51.76617797],[17.0284236]
69,[38.89119706],[41.01389229],[62.63668563],[25.4885504],[72.6431085],[27.88547263],[27.25492941],[61.72050032],[80.40163089],[127.61475119],[23.07961659],[137.94446107],[12.02934271],[12.44499336],[84.58524966],[51.84592397],[16.73978174]
70,[39.00405312],[41.46843948],[63.55167878],[25.54964051],[73.54186538],[27.80121361],[27.23518119],[60.05745669],[80.16705097],[127.17549044],[23.08483687],[138.1452199],[11.96594097],[12.34744941],[85.1574409],[52.26115907],[16.54045082]
71,[38.56820314],[42.06019683],[63.19926875],[25.80435185],[73.2631294],[28.17591763],[27.51132931],[61.58599898],[79.9515122],[129.12855004],[23.11408865],[137.0297376],[11.9361166],[12.36984873],[84.90990771],[52.22838264],[16.55715153]
72,[39.13394535],[41.34356143],[63.01654505],[25.53841798],[73.64619748],[28.40221061],[27.72629498],[62.36645176],[80.62982875],[129.55766751],[23.38025418],[139.71594609],[12.1093324],[12.61012558],[85.90757432],[53.08099116],[16.45406894]
73,[39.57653661],[41.36369022],[62.99668009],[25.68946961],[73.43166932],[27.48462843],[26.96161212],[62.28936826],[81.61324012],[131.44348203],[23.71946247],[139.15394586],[12.31308164],[12.70257453],[86.31344684],[53.822742],[16.68358433]
74,[39.47129203],[41.76592332],[64.11000929],[26.06731509],[75.50861575],[27.82235522],[27.20468537],[57.87639694],[81.76668103],[132.75013861],[23.88754388],[138.6801316],[12.21381807],[12.54608544],[87.05043555],[53.70290228],[16.75552452]
75,[39.62524005],[42.07246621],[64.7309566],[25.92337075],[75.92885103],[27.98699612],[27.36213327],[59.43854875],[83.24761058],[132.01515413],[23.88287068],[142.07411449],[12.35919591],[12.64718904],[86.97578115],[53.73543816],[16.51279335]
76,[39.62952592],[41.81873809],[64.46775223],[25.79593811],[75.32085302],[27.86536493],[27.28689129],[59.19400361],[83.85250741],[130.79231608],[23.91081121],[140.82963285],[12.32103528],[12.68391538],[87.11588916],[53.44311242],[16.83981643]
77,[40.22543295],[42.15948873],[64.51336591],[25.85782723],[75.46080181],[28.30206193],[27.6769923],[59.28603952],[83.39459183],[130.44213672],[23.55624122],[140.43284678],[12.26147147],[12.62843967],[85.72835402],[53.62993987],[17.48805982]
78,[40.47499475],[42.06193983],[64.55192691],[25.47726539],[75.55546973],[27.94965839],[27.32522639],[61.17324944],[82.97858609],[133.62592896],[23.31869824],[140.42031229],[12.36632543],[12.70937869],[85.1175543],[54.36832529],[17.20135753]
79,[40.47331901],[41.16802752],[64.14188202],[25.25660857],[75.0958243],[27.69116718],[27.0652785],[61.2186492],[82.51929776],[131.01165542],[23.32520244],[138.95046373],[12.19900842],[12.58400772],[85.15344023],[54.79669118],[17.67150207]
80,[40.0348227],[41.22880654],[64.16709803],[25.44173261],[75.33874036],[28.02350813],[27.38936806],[61.92612965],[81.33004444],[130.79207099],[23.53932656],[139.98925797],[12.26242311],[12.58684282],[85.70853035],[54.05202226],[17.49345206]
81,[40.22983942],[41.06438345],[64.63560203],[25.02385982],[74.55862566],[27.87377539],[27.15254553],[60.88776008],[81.68962744],[132.30587256],[23.70051015],[140.62305627],[12.21908185],[12.547672],[87.33425331],[54.22207184],[17.78161999]
82,[40.08991273],[41.17211183],[64.47102665],[24.88568689],[74.91544934],[27.90729553],[27.17000516],[60.44568647],[82.39613227],[132.08905617],[22.99065759],[143.67308776],[12.18067486],[12.53593454],[84.4653523],[53.73909108],[18.18893586]
83,[39.23764661],[41.21340104],[63.56421466],[24.42117201],[74.73575477],[27.46302511],[26.72490887],[60.85458234],[81.58038785],[134.20311048],[23.05550365],[144.286952],[12.16388494],[12.44791921],[85.05887709],[53.75606225],[18.57775811]
84,[39.78919748],[41.33301803],[64.3619333],[24.42947393],[75.06633423],[27.86452764],[27.12936011],[61.07589051],[83.44137918],[134.19677445],[23.28725082],[143.78939036],[12.38259048],[12.75144978],[84.4755944],[55.95519792],[16.49342973]
85,[47.25139867],[41.3884718],[64.32817019],[24.50559325],[75.20101395],[28.41322309],[27.61410164],[61.17813166],[86.32895424],[134.06066168],[24.22930249],[144.473368],[13.3144024],[13.6348466],[85.45175728],[57.66674186],[15.47831423]
86,[45.26712668],[40.62977595],[65.34523423],[24.62067577],[75.72647315],[28.93125631],[28.01521617],[61.96614234],[86.30036342],[134.02457731],[24.69990291],[142.89466122],[13.06965085],[13.33160911],[85.82940259],[58.34196908],[15.6796928]
87,[44.94508817],[40.744376],[65.33753089],[24.53193486],[76.11007079],[28.46020253],[27.84728752],[61.92230378],[85.98402689],[133.99294746],[24.48515592],[140.60249175],[13.07144785],[13.35458525],[85.14542912],[58.16832359],[16.47016399]
88,[45.5367383],[41.13468776],[65.27179412],[24.3836502],[76.59891319],[28.39027666],[27.80493017],[62.94006912],[87.92899183],[133.55988015],[24.7037572],[142.03116665],[13.11463558],[13.45056984],[85.62102899],[59.09788317],[16.92790026]
89,[45.2187207],[41.30546842],[65.41374452],[24.26953126],[75.98805242],[28.49113467],[27.9288205],[62.66483273],[87.77360863],[134.00001873],[24.52825371],[141.70847937],[12.97130293],[13.31738816],[85.29453742],[59.75129676],[16.36926591]
90,[45.41488719],[41.48920717],[65.66219484],[24.27514691],[75.33498498],[28.5715714],[27.99898848],[62.93091398],[87.32595403],[133.6921282],[24.52805946],[141.95208291],[13.08820179],[13.51631639],[85.4272433],[59.67362937],[16.47062932]
91,[45.39934877],[41.7310957],[67.44454158],[24.68435464],[34.97473433],[29.55636047],[28.82159879],[62.78528331],[87.58127924],[133.81684173],[24.58832123],[142.24234277],[13.33134849],[13.65287899],[85.29831936],[59.09364948],[16.28832136]
92,[45.2647485],[41.59206256],[67.12730562],[24.8164511],[36.93508911],[29.43037026],[28.58227515],[62.40615728],[87.3973146],[136.29560094],[24.71312562],[143.55054177],[13.28061287],[13.5836052],[85.31018268],[58.44474308],[16.01956711]
93,[45.13793557],[41.95798903],[66.41755958],[24.68190955],[39.97165488],[29.39868693],[28.50646283],[61.90950477],[86.73236848],[135.44074089],[24.5316788],[142.43346726],[13.23389545],[13.49699376],[85.34625464],[57.94673849],[15.98600825]
94,[45.5864423],[42.37526313],[66.9366608],[24.56334093],[39.48049528],[29.20498226],[28.51218942],[62.56991459],[86.65748286],[135.2713551],[24.56269499],[142.97028551],[13.09758525],[13.38745574],[86.11118179],[57.72677568],[15.89616377]
95,[45.69073741],[41.82690212],[66.16570491],[24.59894645],[41.09732323],[28.9350473],[28.21992938],[62.51443306],[87.12683356],[136.49111374],[24.56414069],[143.07582661],[13.03400472],[13.38181742],[86.18294379],[57.65536849],[16.01776639]
96,[45.17823866],[41.77418611],[65.9875399],[24.23191801],[37.39095228],[28.68817869],[28.00050889],[62.02427796],[86.59464966],[135.69832985],[24.12971585],[141.86074092],[12.81040157],[13.18881111],[85.22385003],[57.15721334],[15.75339701]
97,[47.13216189],[42.03156265],[67.21103583],[24.03716759],[37.5841444],[28.44043443],[27.79771149],[61.9943024],[88.00664071],[137.45661983],[24.3757749],[142.37311043],[13.08765975],[13.40579325],[86.24315786],[58.82124686],[15.71956767]
98,[46.57987262],[42.11174334],[67.1163076],[23.51594407],[37.42951834],[28.42018574],[27.58322545],[60.77922465],[87.02404273],[136.88955812],[24.45212867],[139.2393075],[12.84183803],[13.24849022],[86.2558137],[58.0050659],[15.7227142]
99,[47.09853216],[42.01876255],[68.31958804],[23.49361753],[37.19995173],[27.81617158],[27.12136355],[61.24936396],[87.33098627],[137.15532575],[24.24288007],[138.97366067],[12.88327971],[13.23739185],[85.57125766],[58.16422143],[15.68513744]
100,[47.78162547],[41.95343797],[67.97005251],[23.09541173],[37.42641353],[27.70537961],[27.11879505],[61.19308512],[87.19722898],[137.48405998],[24.23197868],[141.63175886],[12.97505695],[13.26588714],[84.5534653],[58.7760827],[15.52718232]
101,[47.98767529],[41.88418775],[67.98648172],[22.48243272],[37.40493353],[27.6900223],[27.14109015],[64.12160081],[88.41651116],[137.43774278],[24.22388587],[141.10334161],[12.62003857],[12.96670721],[84.13274926],[59.00880393],[15.12762736]
102,[48.57761179],[41.77675613],[67.98837031],[22.48130225],[37.0854303],[27.89249584],[27.31394397],[63.90045579],[89.11759791],[137.78301764],[24.3048967],[140.01394554],[12.49673159],[12.79801729],[85.05053072],[59.43068851],[15.163151]
103,[48.9876657],[41.95469065],[67.69140237],[22.75041825],[37.36627193],[27.79889665],[27.2382103],[63.56525099],[89.06965627],[138.37015542],[24.18496197],[140.21055288],[12.40130232],[12.79417777],[85.0508022],[59.18344386],[15.16588843]
104,[49.18210661],[42.37718742],[67.43255771],[23.1515735],[37.30513283],[27.6071546],[27.01084401],[61.9463939],[89.86861769],[138.87969232],[24.23776994],[140.61668769],[12.36046179],[12.78777332],[84.59058897],[59.00497229],[15.08844689]
105,[49.50497617],[42.39005764],[67.89181872],[23.458658],[37.2767055],[27.42650402],[26.70042996],[62.01694328],[90.76370202],[139.6442966],[24.26593415],[143.20854006],[12.28570288],[12.5487208],[84.30502058],[59.49359396],[15.16604136]
106,[49.10618504],[42.08316357],[67.99474048],[23.30007178],[37.39941236],[27.37255629],[26.58680064],[62.47028443],[90.92817388],[139.33928291],[24.29356388],[142.78846054],[12.40434328],[12.71350413],[84.35974302],[59.31359896],[15.23803861]
107,[49.27707562],[42.59228253],[68.2185411],[23.76850289],[37.73401243],[27.92583487],[27.15231291],[63.19372124],[91.56818922],[139.73162422],[24.49572812],[144.93101078],[12.60407492],[12.90119467],[84.84849951],[59.1186804],[14.98263754]
108,[49.13770533],[42.44587251],[67.32336052],[23.31266164],[37.66422424],[28.07371405],[27.34124066],[63.21737405],[90.14118192],[140.10260777],[24.61487117],[143.98066702],[12.63257874],[12.88675118],[84.84245304],[58.63720223],[15.10926622]
109,[49.17940285],[42.64191054],[66.96954938],[23.64937776],[37.43214463],[27.92377173],[27.27726452],[63.87771788],[89.62431773],[139.94051105],[24.58319106],[144.85525989],[12.65242621],[12.96887001],[84.96208889],[58.0865047],[15.00600725]
110,[49.0183258],[42.39737273],[66.86687966],[23.62933439],[37.45840519],[27.65695293],[27.10629904],[63.00270503],[89.24225039],[140.00346422],[24.30640806],[145.46876337],[12.62058136],[12.88578684],[84.64492185],[58.02477297],[15.01624259]
111,[48.30870303],[42.08778341],[65.98018442],[23.3197983],[37.04317186],[27.34598027],[26.74036312],[61.8768558],[88.52407534],[138.60702331],[24.09055245],[142.15286621],[12.4975126],[12.82619095],[84.40455039],[56.80778912],[14.52508607]
112,[48.76088389],[41.63043921],[66.14882171],[22.79292225],[37.01742359],[27.45841118],[26.92397227],[61.65598087],[88.95379153],[139.74368699],[24.38490655],[142.44968914],[12.51015929],[12.94859655],[84.6419856],[57.67075329],[14.86257983]
113,[48.79285144],[41.66161334],[66.67572711],[22.64019747],[37.2149733],[27.59657372],[27.08967259],[61.90489844],[88.74730053],[139.79536502],[24.29672569],[141.55392774],[12.54379743],[12.93890371],[84.5391039],[57.82868314],[14.88257358]
114,[49.14697144],[41.70335609],[66.91650475],[22.77596548],[37.36703303],[27.46220349],[26.99200787],[62.02846564],[89.52004324],[140.44432824],[24.16220119],[141.82554507],[12.54109991],[12.94624703],[84.37905594],[58.16017342],[15.07282175]
115,[49.31872485],[41.51337449],[67.53152748],[22.60041919],[37.09380566],[27.55921878],[27.05514753],[62.19094275],[89.09566367],[140.34985578],[24.03681843],[143.72220938],[12.58131626],[12.95047459],[84.20656545],[58.69935645],[14.96597418]
116,[49.75729964],[41.5676389],[67.7605597],[22.52241725],[37.06569649],[27.60197586],[27.13532194],[62.93521852],[89.84264976],[141.8354846],[24.51230352],[144.81599538],[12.84040079],[13.24637406],[85.24656136],[58.72333549],[14.82600949]
117,[50.12750887],[41.45183156],[68.26272644],[23.11799681],[37.20455206],[27.97246965],[27.43919535],[62.97042136],[89.83451115],[142.73047718],[24.52949552],[146.11083437],[12.99650234],[13.45179952],[85.11045663],[58.81363953],[14.95895899]
118,[50.193256],[41.78706679],[69.32836709],[23.39185603],[37.49569393],[28.62760522],[27.99960684],[63.21516492],[90.33648773],[142.37062266],[24.57282155],[147.66924184],[13.23887398],[13.70371622],[85.90325486],[58.89752607],[14.84350893]
119,[49.90527869],[41.54980374],[69.36835327],[23.54583067],[37.57947061],[29.00225848],[28.25113712],[63.47301695],[89.5462694],[141.97460404],[24.55848801],[147.45397861],[12.99434556],[13.49564178],[86.13071449],[59.24945552],[14.89122399]
120,[49.60100071],[41.58423337],[68.92338206],[23.57723671],[37.53789339],[28.84270388],[28.13037822],[63.05304254],[89.15213924],[142.40350753],[24.41710959],[146.62119228],[12.76015803],[13.21576233],[85.79899139],[58.80676772],[14.77767883]
121,[49.12550885],[41.68413265],[69.18259864],[23.9451604],[37.77149532],[29.18271219],[28.52122301],[63.50976549],[89.38002223],[141.90964274],[24.51522403],[145.23316468],[12.76146026],[13.13216583],[85.79866915],[57.98858178],[14.62164145]
122,[49.27897842],[41.52533687],[69.45945404],[24.18874354],[37.31303333],[29.2713238],[28.49331865],[62.82892772],[88.46861674],[141.97084457],[24.4487037],[143.41674091],[12.59787159],[13.01700783],[85.5982186],[57.94204022],[14.47839468]
123,[49.40086732],[40.5758439],[68.91958702],[24.44084028],[38.11398176],[29.19906078],[28.53090567],[63.20410762],[88.71905679],[141.32067519],[24.37368822],[143.54152179],[12.57203387],[12.95027479],[85.61058576],[58.09076917],[14.32860963]
124,[49.64237081],[40.58073403],[68.70956416],[24.51784526],[38.02350283],[29.14251524],[28.52321058],[62.50962852],[88.85209106],[140.92175905],[24.23523453],[142.85476202],[12.51778773],[12.90964619],[85.70457297],[58.57089258],[14.24196465]
125,[49.09775763],[40.38102308],[68.18826731],[24.85875261],[37.62897588],[29.10415621],[28.52757673],[63.68578144],[88.85350736],[141.2299666],[24.17084241],[143.60565318],[12.52112171],[12.89969622],[85.07347638],[58.57335929],[14.30600217]
126,[49.15650318],[40.35687423],[68.03424458],[24.87120199],[37.21036669],[28.96058887],[28.41657348],[63.50571531],[89.83432158],[140.10489825],[24.48294611],[144.02046187],[12.50162417],[12.847621],[84.82367276],[58.4686929],[14.26527162]
127,[48.70103409],[40.57316699],[67.16904832],[25.12822633],[37.25972279],[28.61308504],[28.06003269],[64.04328364],[90.01502367],[139.683138],[24.51073931],[143.53752628],[12.48491336],[12.95424015],[84.66302844],[57.94646891],[14.35839704]
128,[48.50537777],[40.2902589],[66.48087394],[25.0983174],[37.13028551],[28.21772897],[27.65651043],[62.3025034],[89.03021947],[139.61129827],[24.53519257],[142.6342336],[12.32451041],[12.68909349],[84.5135997],[57.59054363],[14.24464343]
129,[48.8577214],[40.30938787],[67.14116416],[25.28715186],[37.18710108],[28.42870875],[27.87203244],[58.7408855],[89.27545605],[141.69226141],[25.05717434],[146.96470911],[12.40166567],[12.84679117],[86.05534295],[58.56415954],[14.31493895]
130,[49.17597336],[40.23911419],[68.34645385],[25.0320868],[37.5894658],[28.54091248],[27.96076602],[58.09868452],[89.2527574],[141.08281652],[24.92065874],[142.96829479],[12.32571602],[12.69690323],[83.68405938],[59.37948705],[14.36880213]
131,[49.36611662],[40.27072816],[68.62621945],[25.29131261],[37.51406157],[28.84432555],[28.30259358],[59.68116043],[89.78559341],[142.1899191],[25.08718366],[139.6227794],[12.41936152],[12.83303143],[83.69764893],[60.44944649],[14.45638672]
132,[49.95110146],[40.36751864],[68.74344161],[25.48967507],[37.98515439],[29.25985633],[28.68795086],[59.91661208],[91.38765008],[143.86567876],[25.16270416],[140.93679888],[12.96181729],[13.38605077],[83.87189979],[61.9538429],[14.58048394]
133,[49.860073],[39.92632567],[66.84330089],[25.28602333],[38.150424],[29.07131924],[28.57597391],[59.64570474],[92.00995006],[143.69904978],[24.44513405],[142.65095596],[12.87612369],[13.2780825],[83.46070768],[62.14341009],[14.5491076]
134,[50.87051091],[40.02468688],[65.96509473],[25.45666474],[37.97754595],[29.31737066],[28.83973682],[60.32957225],[92.86650726],[145.36548725],[24.62892531],[143.51405695],[13.03941817],[13.35919023],[83.25659966],[62.44341687],[14.62466928]
135,[51.30510335],[39.91390813],[66.3222762],[25.93934475],[38.47667116],[29.21377268],[28.70461324],[62.56875461],[92.95942178],[146.56413038],[24.58503623],[151.72339348],[13.07447563],[13.44810571],[83.50000828],[62.52999582],[14.57911997]
136,[51.35247404],[40.48367988],[66.89066892],[25.83344236],[38.77781021],[29.29246984],[28.70110942],[63.26052936],[93.49147736],[146.51275597],[24.34006332],[149.58202618],[12.8911107],[13.19794419],[83.07447688],[62.65578153],[15.66629716]
137,[51.92046349],[39.90201477],[66.4122099],[25.77487762],[39.57962576],[29.32673441],[28.6596956],[65.05061169],[94.28129296],[147.62124851],[24.10064993],[152.797512],[12.96075902],[13.19692244],[83.1084792],[63.15611088],[16.50592978]
138,[52.22157181],[39.63027069],[66.6031919],[25.65651312],[39.18011034],[28.705389],[27.88490247],[64.29163647],[94.86998933],[150.38707627],[23.61656998],[151.67911808],[12.6948309],[12.98576153],[82.17052349],[62.89619769],[16.4118688]
139,[52.69383321],[39.057412],[66.60316302],[25.34999658],[39.14710049],[27.90700894],[27.10407454],[62.8774369],[94.82164265],[152.52314588],[23.67885725],[155.16919513],[12.72624465],[12.98199228],[82.7036174],[63.96158906],[17.3531431]
140,[53.0364508],[38.96897238],[65.68470696],[25.98644428],[39.32735829],[27.89253387],[27.144478],[63.17367946],[94.24906617],[152.56591801],[23.92861058],[155.99467248],[12.62365529],[12.90562635],[82.87697045],[64.11026005],[17.9987198]
141,[52.85807238],[38.39343872],[63.50612554],[25.3743657],[38.50004592],[26.7069785],[26.09932992],[60.26611757],[94.1503096],[151.53114366],[24.14545363],[155.30877672],[12.55278221],[12.84174413],[83.02830782],[64.00801149],[18.41364641]
142,[53.13944882],[38.01219325],[63.82836142],[23.65550989],[38.26517837],[26.55772747],[25.9872415],[60.21328123],[94.87671539],[150.83842164],[23.94878166],[156.92514044],[12.5823566],[12.85950215],[82.91511813],[63.75654557],[18.38767226]
143,[53.82235382],[38.57759279],[65.09014621],[23.66911267],[39.01549622],[27.06698634],[26.45319253],[61.64062957],[95.89575393],[150.48581492],[24.26591925],[156.28505789],[12.68179576],[12.99744001],[83.63664776],[65.26019604],[18.4763598]
144,[53.97749523],[38.60575728],[63.42964392],[24.88183533],[39.19827132],[27.15633254],[26.41333025],[61.30398183],[95.74637049],[151.38276941],[24.14586244],[156.15377549],[12.79419483],[13.10506006],[83.72148959],[65.11187788],[18.19038252]
145,[54.63078256],[38.23449907],[63.71525149],[24.98848296],[39.07797322],[26.60967922],[25.94761839],[61.31608362],[96.07336952],[150.69885257],[24.45523219],[157.15911958],[13.11479725],[13.40928776],[84.02143565],[65.16405909],[18.26702871]
146,[55.93897612],[38.43063906],[62.4181274],[25.11353306],[39.08386749],[26.04007623],[25.3803611],[61.6241687],[108.80287122],[150.34410058],[24.52798712],[159.98567966],[12.69995653],[13.03636799],[84.04010894],[68.51232012],[18.47007242]
147,[55.7060122],[38.44277963],[62.77784346],[24.38964916],[39.23560434],[26.25175336],[25.62802895],[61.61535434],[108.37627141],[150.16621692],[24.5491314],[158.18420957],[12.65941083],[12.98034864],[84.01129464],[68.39452041],[18.33268961]
148,[56.05920248],[38.5138041],[62.1796797],[24.63529638],[38.95862499],[25.98695601],[25.37441609],[61.37724492],[109.04681822],[150.53629188],[24.43951069],[160.55432816],[12.71057278],[13.04516736],[83.19821624],[68.12835321],[18.5643563]
149,[56.4113561],[38.58654994],[62.10936132],[24.81435844],[38.95051146],[25.93743533],[25.17485495],[61.51105767],[110.57729608],[150.34136752],[24.37102716],[159.64648888],[12.85427597],[13.27256509],[82.39803102],[69.20415837],[19.12075879]
150,[56.77478807],[38.18438196],[61.19970445],[24.74148171],[38.80633006],[25.5290758],[24.76615228],[62.29024656],[111.36578627],[149.8764965],[24.21009109],[159.2237339],[12.95305138],[13.32080023],[81.94287312],[69.93015709],[19.40824069]
151,[54.3814652],[37.43254449],[60.39764099],[24.5421398],[38.06877522],[25.01870137],[24.29153414],[62.77761653],[104.98408865],[144.8398975],[23.92388671],[152.94796093],[12.64837355],[13.039146],[81.71692097],[66.87647247],[18.29420391]
152,[55.31994739],[37.9513199],[60.35512978],[24.59177388],[38.66206745],[25.11826132],[24.46944914],[62.53613385],[107.1498156],[147.91458326],[24.17577356],[155.67180642],[12.69498148],[13.04577106],[82.33506167],[68.73342646],[18.36741206]
153,[55.82399556],[38.26819135],[61.61160179],[24.87603702],[38.85590427],[25.79774266],[25.12640643],[63.55477291],[107.47074516],[148.75310926],[24.32287577],[156.70320207],[12.80935907],[13.18239434],[83.26985126],[67.43010937],[18.23822936]
154,[57.05082697],[38.29463677],[62.04258853],[24.93064687],[39.46050097],[26.13789414],[25.40551429],[63.74723033],[108.58360543],[148.33888736],[24.6174962],[156.95639625],[13.11039363],[13.55144295],[83.70085341],[68.85789992],[18.38294308]
155,[57.7885678],[38.29492301],[61.54213799],[25.18813642],[39.78651867],[25.55260241],[24.902021],[63.87792417],[109.77124589],[147.89156533],[24.30088989],[157.57578701],[13.16388193],[13.50986182],[82.99050128],[72.90380639],[18.21536995]
156,[58.45454261],[38.13625424],[61.62420219],[24.92526036],[40.30657911],[25.39350697],[24.80449781],[63.28158615],[112.31344912],[150.19833446],[24.43085123],[157.45267947],[13.21193853],[13.65082813],[83.14387076],[77.2474037],[17.90673882]
157,[59.17924938],[38.2354844],[61.54125702],[24.91925905],[40.32324314],[25.51685157],[24.9327327],[63.92723419],[113.8373031],[152.13169347],[24.69904902],[162.76397631],[13.20459285],[13.59088469],[83.53692012],[78.81699231],[17.90090115]
158,[58.28037415],[38.11647915],[61.57424339],[24.79136449],[40.88435336],[25.77397054],[25.16270438],[64.10021084],[112.04992722],[152.04582965],[24.71930011],[161.97887654],[13.39906835],[13.77404352],[83.33414612],[76.76730549],[18.15456038]
159,[58.65549303],[38.57410194],[61.52631151],[24.98243003],[41.09011873],[26.13747823],[25.48283407],[63.64042749],[112.89638769],[152.18948301],[24.69399239],[162.96017859],[13.28338175],[13.64833896],[83.40685368],[75.30671535],[18.39323302]
160,[58.59698579],[38.53196138],[61.10933957],[24.93952621],[41.66935693],[26.42541969],[25.77597486],[63.78712118],[113.01261453],[151.47208918],[24.92446339],[162.6851963],[13.36703076],[13.68230546],[83.67228661],[76.04277603],[18.28185829]
161,[59.55828207],[38.89273127],[61.72637101],[25.90778504],[41.65052556],[26.65684248],[26.0010345],[65.24150441],[113.85906929],[151.65626039],[25.16037568],[162.78832285],[13.57843645],[14.01527308],[85.1670791],[78.09953819],[18.44267052]
162,[59.6630756],[38.85730011],[61.27096046],[25.82182519],[41.96233507],[26.40243921],[25.77793736],[66.08393455],[114.83185366],[153.87241877],[25.2091123],[164.89670207],[13.5571452],[13.92564105],[85.10452067],[77.91743884],[18.22877172]
163,[59.8275179],[38.81664424],[60.39283087],[25.81161152],[41.79577927],[26.12092991],[25.55129513],[66.19147881],[114.70803671],[153.79606988],[25.05976961],[164.74290854],[13.44013408],[13.80020724],[84.54119998],[77.52162897],[18.15250768]
164,[59.88969092],[38.71526272],[60.85933079],[25.83727883],[41.68805684],[26.08233853],[25.44078181],[64.47713245],[113.70176275],[152.67261121],[24.27264598],[164.91148823],[13.47417269],[13.90281109],[82.7803018],[77.63618912],[17.55006482]
165,[60.53866756],[38.76412377],[61.09768266],[25.76001836],[41.88288885],[26.32738416],[25.55280888],[64.91767637],[115.50084377],[153.14440466],[23.74506876],[165.31014504],[13.34188614],[13.76982226],[80.94481258],[79.62836654],[17.36513107]
166,[60.55031455],[38.49875808],[60.39333798],[25.98556038],[40.91065538],[25.99706809],[25.21113489],[63.89810201],[114.24558698],[154.99434841],[23.80252154],[165.63189455],[13.50147546],[13.94947347],[80.33805269],[79.40928462],[17.54649785]
167,[58.17273464],[38.80378396],[60.74687009],[26.1023667],[40.66223034],[26.0266041],[25.19713737],[65.16557426],[110.47888415],[149.67046694],[24.11979683],[157.81830458],[13.66126344],[14.1144474],[81.45605191],[75.48874293],[16.91668769]
168,[57.01132256],[39.08200284],[62.55886032],[26.60794011],[40.98063611],[26.52858377],[25.55758095],[64.95300176],[109.1278201],[148.39046589],[24.33453996],[151.49368482],[13.65773115],[14.0334802],[81.49303384],[74.0737427],[17.0271858]
169,[58.02042065],[38.69019029],[61.82941528],[27.24362386],[41.20650457],[26.33782654],[25.46074975],[66.08671206],[109.98720805],[151.32405275],[24.42249735],[152.72623728],[13.56276016],[13.95188811],[81.80190413],[74.64656023],[16.92454747]
170,[58.42399999],[38.71073522],[60.89224029],[27.26031076],[41.09149418],[26.1948712],[25.35424673],[64.78706334],[110.29564209],[150.75046574],[24.50290799],[152.09627206],[13.56836896],[13.99020022],[82.29771179],[74.55048255],[16.72073905]
171,[58.96445642],[38.83114607],[61.46527177],[26.90186807],[41.4320286],[26.34545019],[25.46832854],[65.3371382],[111.1545732],[149.70860398],[24.37422468],[151.58868595],[13.59865812],[14.0358969],[82.84339884],[74.58277525],[16.82113204]
172,[58.84000557],[38.9872107],[62.0958775],[25.64847427],[41.26575709],[26.42791385],[25.52603713],[64.42480207],[110.76525232],[150.70606313],[24.41942977],[152.05928538],[13.72281702],[14.1498349],[83.28212355],[74.43711407],[16.60760252]
173,[60.29382608],[38.91303785],[62.27780816],[25.38838653],[41.78395909],[26.35348242],[25.47949062],[65.05862278],[113.76909332],[153.10411316],[24.85341829],[153.13147701],[13.7843069],[14.25712332],[83.62999073],[74.088551],[16.98520538]
174,[60.08528136],[38.65205894],[60.73501696],[24.70498739],[40.36710855],[25.43681555],[24.65365361],[63.17987256],[113.47054276],[152.26371494],[24.38668911],[151.76339738],[13.4764383],[13.9842858],[82.49459715],[73.21361667],[16.87951695]
175,[60.69270613],[38.13054108],[62.53043724],[24.4648819],[40.23256608],[25.50291646],[24.72105217],[63.3262406],[113.23335482],[153.80379094],[24.19515551],[154.77485712],[13.52471822],[13.94205446],[82.65079178],[73.22815304],[17.65810228]
176,[61.17093049],[38.09845595],[62.38541327],[24.39750632],[39.94624384],[25.45806929],[24.7713426],[63.00824643],[112.66855887],[153.44974991],[24.1372019],[154.51906138],[13.44166523],[13.94257281],[82.22549773],[73.13693823],[18.07743926]
177,[60.37535956],[37.95585075],[63.67959661],[24.42488474],[39.46863718],[25.69936445],[24.96652672],[63.97851009],[110.5103525],[155.10379449],[24.3003528],[157.77324125],[13.57464683],[14.0363481],[82.4568546],[72.9674898],[18.38284685]
178,[60.33354987],[38.18167987],[64.34903659],[24.56647562],[39.60390018],[26.15953231],[25.41730981],[63.85842161],[112.09668185],[153.64519918],[24.68902931],[157.06942242],[13.67863285],[14.11375721],[82.67925549],[73.7704141],[18.22131277]
179,[58.4073306],[37.69217933],[64.02219706],[24.55056847],[39.24128306],[26.04439719],[25.32209702],[63.84788599],[108.31028428],[150.53874334],[24.69783453],[150.84089276],[13.64804619],[14.09836407],[83.0541163],[71.24359948],[17.96236094]
180,[58.96844486],[37.95347453],[65.17976719],[24.86754768],[39.85604143],[26.06212627],[25.33247739],[64.75071671],[109.13103365],[153.51683524],[24.98656021],[153.30078452],[13.85716272],[14.30436937],[83.70686098],[73.40351144],[17.84733068]
181,[57.69921494],[37.60525877],[63.51477558],[24.11577219],[38.8624001],[25.92338279],[25.17891694],[62.59610373],[106.88589796],[151.49879067],[24.69496425],[149.84073201],[13.58422619],[14.03170274],[83.34425695],[72.60319401],[17.57993296]
182,[57.69254602],[37.75337048],[63.86757501],[23.87106182],[38.88164071],[25.7381337],[25.12503328],[62.83945529],[105.77905186],[151.02563978],[24.61836074],[149.38309849],[13.68742714],[14.14370952],[82.9592658],[73.32164005],[17.8197465]
183,[56.43422713],[38.11102628],[64.06229338],[23.99942791],[38.35963134],[26.13123487],[25.45600874],[62.84681174],[105.911129],[148.59076213],[25.0812004],[145.8786177],[13.89890695],[14.30676097],[83.09767973],[72.46931272],[17.63076299]
184,[57.2184546],[38.14317048],[63.28285767],[23.71373535],[38.68120529],[26.00515881],[25.38313351],[62.82495918],[106.89542833],[150.63921762],[25.1457108],[147.53703891],[13.70275182],[14.1209005],[83.25165923],[73.07481074],[17.77207246]
185,[56.732015],[37.15533687],[62.16729838],[23.92550206],[38.26055693],[25.69739731],[25.0035179],[63.45953399],[106.05676614],[149.17134841],[24.82270095],[145.95372924],[13.24015123],[13.64908808],[81.69446069],[73.38140503],[17.87662891]
186,[58.07078263],[36.95382708],[62.77526513],[23.57949498],[38.54642095],[25.75979666],[25.09366533],[63.88388311],[107.75477025],[151.50762623],[24.73436661],[149.98885511],[13.316261],[13.74760161],[81.5470225],[74.45367442],[17.94005407]
187,[58.54900915],[36.82078127],[63.58719124],[23.45930941],[38.76995852],[26.16764819],[25.40841525],[64.30773589],[107.94249407],[153.68173478],[24.85517084],[152.21057985],[13.13171661],[13.52734417],[81.07901667],[74.68912026],[18.03000398]
188,[57.96007471],[36.63309623],[63.79712924],[23.24701485],[38.74583015],[26.12269921],[25.40681143],[64.76985098],[108.40339356],[155.19154358],[24.60215614],[153.98737008],[13.26080899],[13.74964864],[80.82452541],[75.72435093],[18.52439907]
189,[60.97897383],[36.84608484],[63.44293708],[22.45413154],[39.01394085],[26.09666563],[25.43335369],[65.16814783],[110.95033307],[158.72209348],[24.51487227],[158.30341461],[13.23109951],[13.63151514],[80.41734344],[77.33958817],[19.14653979]
190,[60.40558302],[36.20066865],[63.09847738],[22.83254577],[39.2965985],[26.09256676],[25.43507783],[64.61893559],[108.79843343],[159.10864036],[24.5796502],[157.73492344],[13.22253986],[13.68366104],[80.85953305],[76.16927512],[19.24785552]
191,[60.76656269],[36.30883755],[63.90638232],[23.00389647],[39.17991083],[26.13036639],[25.4750477],[66.04034674],[109.08208051],[159.66788603],[24.71190193],[160.82858414],[13.58686271],[14.02478804],[81.25757547],[76.30562943],[19.52854781]
192,[60.58292768],[36.37892078],[64.54290073],[22.85207085],[39.17871286],[26.32744447],[25.49673234],[65.80806598],[109.43721252],[159.65438317],[24.88421458],[161.27164186],[13.66842948],[14.07956369],[81.53015944],[76.07020591],[19.78754266]
193,[61.26069312],[36.01131464],[64.23668359],[22.30296846],[39.16219734],[25.97404024],[25.28995469],[65.55333498],[110.18130268],[162.97388799],[24.89664294],[183.21938329],[13.62492364],[14.05495989],[81.10983686],[77.33729268],[19.85874663]
194,[61.36996605],[36.12472744],[65.01686452],[22.71133331],[39.32229069],[27.10651744],[26.16032432],[65.05879848],[111.91256537],[164.28652943],[24.82944072],[182.80412502],[13.9362165],[14.35431043],[80.77236309],[78.54863933],[20.03184028]
195,[61.12585479],[36.5247614],[65.78405088],[23.2358221],[39.48248465],[26.53367985],[25.65513821],[65.09157528],[112.0676126],[164.37288406],[25.42777459],[183.25179414],[13.93986013],[14.32667923],[82.5585741],[78.0434354],[20.40614925]
196,[61.01584947],[36.53404043],[65.83435763],[23.33564154],[39.61725204],[26.43873101],[25.40334222],[64.73032689],[112.27272698],[164.30041962],[25.51873924],[187.86448555],[13.91210865],[14.43856091],[82.69481718],[79.30177823],[20.05164591]
197,[61.4568987],[36.22053181],[66.30983655],[22.70420449],[39.45320036],[26.46113844],[25.46486868],[64.36043023],[113.7914737],[166.09694981],[25.56100922],[187.68232745],[13.98780204],[14.45749859],[82.25060739],[79.57265106],[19.93007197]
198,[61.00706481],[36.20209483],[66.05951334],[22.97952917],[39.73249241],[25.80663584],[24.95258949],[64.46907327],[113.59449259],[165.4084183],[22.22772057],[186.76416139],[14.10015543],[14.52661797],[79.60445954],[80.72902046],[19.88528056]
199,[62.62474133],[38.07991021],[66.62882933],[22.83928096],[39.33380321],[26.52781885],[25.48812355],[64.2804145],[118.22061822],[165.60408943],[21.51185921],[188.78908971],[14.22518707],[14.6005486],[78.95643368],[81.53833606],[19.55147832]
200,[61.26411839],[39.49361448],[67.51901546],[23.6261206],[39.40437652],[26.32884757],[25.0932544],[63.90286576],[117.60389415],[170.65683597],[21.57356049],[182.48967414],[14.26879861],[14.69161873],[78.86015473],[79.6563251],[16.98578806]
201,[61.49493659],[38.98434714],[67.42911977],[23.23571859],[39.51798671],[26.70542507],[25.40847801],[63.96330116],[118.25475511],[172.62658446],[21.84377864],[184.03978744],[14.38813157],[14.80206312],[79.01537892],[80.17977177],[16.6689733]
202,[61.88462322],[38.95002262],[65.92191459],[23.24579787],[40.44469841],[24.55722625],[23.0727193],[64.03953415],[116.73794798],[168.83498186],[21.52213911],[181.39916456],[14.29862563],[14.68709164],[78.76652977],[79.51905447],[16.10349209]
203,[62.33857718],[38.84369826],[66.12281603],[23.37139194],[40.34371135],[24.26925844],[22.82633673],[65.55264616],[116.5819187],[169.66307727],[21.71322136],[182.02780736],[14.4203657],[14.84930732],[79.12832611],[79.92152187],[16.27892586]
204,[61.58349616],[38.26757218],[64.7288036],[23.72942863],[39.97286759],[24.99934576],[23.82590681],[63.92966424],[116.97032051],[169.62554128],[21.68940631],[180.45791644],[14.26559516],[14.73993617],[78.82968538],[79.68731298],[16.29848006]
205,[63.87613685],[38.28694002],[64.88700755],[22.34630561],[39.6773567],[24.61638175],[23.43371179],[61.08563742],[118.97868589],[168.80528736],[21.83505163],[179.1209008],[14.23252289],[14.6326963],[79.59307364],[88.67024343],[16.14354083]
206,[62.15477072],[38.44058812],[63.60175485],[22.51014441],[39.56908311],[23.70954131],[22.57050816],[60.65158368],[117.44485391],[169.8063182],[21.30802587],[180.07817031],[14.12400962],[14.6064438],[79.18049218],[87.77817489],[16.28410906]
207,[61.42667454],[38.38648679],[65.67507591],[21.86941966],[39.9174019],[24.25120273],[22.98720545],[59.71397109],[116.58836426],[171.47616606],[21.1549649],[178.15370578],[14.22467552],[14.58346516],[78.68580125],[90.6664175],[16.09106845]
208,[61.56751526],[38.36450309],[65.26974866],[21.81007846],[40.63962298],[23.51844689],[22.30767143],[59.91021311],[116.20112328],[171.23751597],[21.17165242],[175.65714455],[14.17693886],[14.54985016],[78.77576485],[91.6151723],[16.08491178]
209,[60.25009893],[38.17873556],[66.2682731],[21.71976392],[40.72833217],[22.9017647],[21.80184515],[58.17996052],[113.85112719],[167.28836975],[20.81836996],[169.02800364],[13.66089752],[13.98504517],[77.99804916],[87.06650883],[15.69654429]
210,[60.86607365],[38.10407808],[66.69867541],[21.64903276],[41.09365036],[22.89434345],[21.8624958],[58.55343839],[115.80167253],[168.21980166],[20.66977802],[171.44666747],[13.42942675],[13.79187912],[77.82536309],[89.28186386],[15.83662642]
211,[61.8840366],[38.52019382],[66.27383053],[21.98645924],[41.89686584],[22.80382413],[21.65121103],[58.72313379],[117.34169888],[171.28708975],[21.17621438],[170.77079368],[13.35845421],[13.79672942],[78.32892008],[90.42042367],[16.03768121]
212,[61.96919886],[38.15252695],[66.73824095],[20.44196802],[41.47307063],[22.69827012],[21.45278146],[58.17573145],[117.62587541],[171.18317732],[21.00090314],[168.4024278],[13.29522255],[13.68157755],[78.32650206],[90.88158451],[15.91440391]
213,[62.90905005],[38.24616782],[66.48039],[20.94705004],[41.20325884],[22.56160647],[21.29296186],[58.50290194],[119.61400913],[169.83906286],[21.03381331],[169.73551905],[13.26696367],[13.67704012],[78.66380769],[92.21709955],[16.11371022]
214,[61.48473859],[37.55614167],[65.72761115],[19.33911781],[40.23890124],[22.16849314],[20.95704939],[56.86865223],[116.31064411],[166.89957724],[20.63790708],[165.87244641],[13.24363539],[13.65979445],[77.67137942],[90.99920514],[15.80621894]
215,[62.00743756],[37.3838317],[64.84742437],[19.15423684],[40.48807066],[22.4144628],[21.18036085],[56.89934721],[116.8391964],[167.71954254],[20.53135918],[166.4779888],[13.26807941],[13.74615849],[76.87060016],[91.86568722],[15.90408022]
216,[61.85323368],[37.58400971],[64.97935654],[19.28033004],[40.82003472],[22.27315441],[21.03298478],[56.63263127],[116.87484022],[168.25829524],[20.61237249],[166.48407208],[13.30803948],[13.75143921],[76.88423241],[92.11139185],[16.05059971]
217,[64.06568824],[38.02618222],[65.58997507],[19.90437868],[41.35111675],[22.40590684],[21.13996979],[57.52338536],[119.06952227],[169.86095725],[20.93361986],[169.16895293],[13.38990655],[13.80033344],[78.08835003],[94.65915679],[16.53035032]
218,[64.07878298],[37.92662648],[64.75308812],[20.40331801],[40.64783545],[22.43411603],[21.15870673],[57.2713989],[118.54741168],[168.72647036],[19.57053317],[168.70366197],[13.17211112],[13.48857349],[73.06503326],[94.70032576],[16.91085668]
219,[63.4553469],[37.66457621],[64.07576283],[19.99370252],[40.09575468],[22.42873878],[21.1655975],[57.32668396],[117.8781925],[167.68591034],[19.97752097],[167.90040166],[13.19173038],[13.59042119],[73.18515479],[95.02575566],[16.81859329]
220,[62.74397376],[37.99122926],[63.86704066],[20.22011519],[40.18863581],[22.59165476],[21.33753898],[56.59430044],[116.99205883],[166.48368594],[20.26462227],[165.71789585],[13.42259392],[13.75317023],[72.89109491],[94.77056206],[16.56749003]
221,[62.75022017],[37.9407822],[63.70291402],[20.74472495],[40.32963912],[22.72804598],[21.45090262],[56.67462448],[118.68152484],[167.56524738],[20.30378538],[166.98571933],[13.4143919],[13.78494232],[73.43224347],[95.47154514],[16.63536026]
222,[63.51004432],[37.86181109],[63.29645698],[20.57500369],[40.15846818],[22.3706406],[21.10835351],[57.79985979],[119.44646818],[168.35561736],[19.94097948],[168.55621238],[13.36464656],[13.71562621],[72.81355444],[95.99286542],[16.83482177]
223,[65.55926117],[37.65152397],[64.50190429],[20.38063215],[40.82173911],[22.1117416],[20.77163085],[57.17008713],[122.1800757],[170.02421762],[19.80464349],[174.39423631],[13.29886158],[13.58911317],[72.35824776],[97.47264397],[16.88810929]
224,[65.55162771],[37.45819676],[64.01600066],[19.68418567],[40.60514505],[22.13951863],[20.94867528],[57.33718667],[121.65072324],[172.01797408],[20.16319022],[174.23339248],[13.35348139],[13.69015048],[72.37803025],[97.98023088],[16.86867597]
225,[65.1213638],[37.48808718],[64.4068319],[20.06116581],[41.04202996],[22.07734747],[20.84414817],[58.46182613],[119.15574547],[171.91223742],[20.21049879],[174.45828323],[13.44502312],[13.79306561],[71.96717574],[95.93978284],[16.78467205]
226,[65.10198924],[37.08173488],[63.64660448],[19.49897325],[40.66490054],[21.54987283],[20.32736326],[57.08318445],[118.21329796],[170.56027143],[20.19126299],[174.19346759],[13.27298819],[13.54098278],[71.77462008],[96.99477594],[16.58617905]
227,[64.08471504],[36.56039927],[62.02659435],[18.96640649],[41.13908459],[21.79450714],[20.57840131],[57.66331657],[116.85276119],[172.21507432],[20.53181298],[179.04804583],[13.39152699],[13.65786945],[72.98341169],[95.97227636],[16.75743505]
228,[65.79025696],[35.55154532],[60.54792539],[18.68447771],[38.57038045],[21.27246222],[20.03038896],[55.36454699],[119.2207117],[173.49541536],[20.12600834],[178.62147181],[13.52904146],[13.79729518],[72.48240069],[99.18928598],[17.14595471]
229,[65.06170519],[35.60808795],[59.37903278],[18.53740394],[38.1362427],[21.15981511],[19.96017518],[54.66781487],[118.6330816],[170.94233359],[20.36669105],[176.20714253],[13.11529566],[13.36864059],[72.86424528],[100.04055114],[17.39549562]
230,[66.07023756],[35.76116021],[57.96978846],[18.33901277],[37.86118119],[20.75669277],[19.58425222],[54.56594507],[121.47392315],[173.56262411],[20.33410045],[181.4827319],[13.34970114],[13.6724104],[73.21444114],[99.90599779],[17.60292314]
231,[66.16917868],[36.32539816],[58.81470783],[19.15410426],[37.87860332],[20.90724962],[19.66918107],[54.65199308],[120.59684355],[173.23982255],[20.06523552],[184.7838455],[13.25592965],[13.4895776],[72.99999954],[100.08450893],[18.05053525]
232,[65.43810278],[36.55980279],[60.44123061],[18.7088489],[38.00489112],[21.14919992],[19.92675489],[53.96885887],[119.47030006],[173.04428895],[20.20821218],[183.34170816],[12.9668808],[13.26902302],[73.60233954],[98.65106855],[18.09988099]
233,[65.28479286],[36.30167073],[58.21704596],[18.66724941],[37.58659685],[21.39386653],[20.1200836],[53.06758899],[119.30942593],[171.02713304],[20.2152862],[182.33582466],[13.07567852],[13.3803798],[73.26485217],[99.38337267],[18.11778306]
234,[65.08363312],[37.11944512],[58.41034843],[19.00414382],[36.9055322],[21.87902492],[20.60166457],[52.96048938],[119.28472416],[171.79051143],[20.01412003],[181.90778645],[13.07255484],[13.42658839],[73.11181844],[100.45883072],[17.9231076]
235,[64.35877663],[37.42259314],[57.58323816],[18.24735611],[37.09260953],[21.23311375],[20.06752836],[52.86018934],[120.19511347],[170.32998842],[20.03388476],[184.47228139],[13.08171658],[13.45055847],[72.68864574],[100.94174496],[17.51177218]
236,[64.4166771],[38.26920503],[58.79226902],[18.54393979],[37.30109003],[21.20196618],[19.97422959],[53.42595882],[120.41729737],[172.72364845],[20.06785165],[185.38932726],[13.06147758],[13.51183641],[72.76936683],[102.37639],[17.68425005]
237,[65.04063902],[38.4114362],[59.03585326],[18.68024584],[37.45264291],[21.19577916],[20.02284426],[53.55670786],[120.48267916],[172.40662079],[20.79078445],[185.25653389],[13.16482026],[13.59705034],[74.23211544],[102.97068366],[17.58277965]
238,[64.2390034],[38.20987339],[58.83547421],[18.44599146],[37.4657782],[21.24714521],[20.20349874],[53.2385848],[118.05161055],[171.0454589],[20.83601839],[188.49857112],[13.07125801],[13.43423962],[74.19931358],[101.7772161],[17.55682519]
239,[64.0013521],[38.58538972],[59.24299595],[18.54453385],[38.08721339],[21.35530247],[20.37376627],[53.24832192],[118.57252208],[170.63890705],[21.23618746],[187.04074868],[13.02121042],[13.39528627],[74.98688889],[102.67828451],[17.58416397]
240,[62.38430991],[39.15302917],[60.03145099],[19.36177476],[37.89715578],[21.27222463],[20.29165291],[54.0039276],[114.27009585],[163.06542457],[21.28723756],[178.44570957],[13.20449106],[13.59961039],[75.71271381],[98.21886689],[16.94936037]
241,[61.90359754],[38.71521419],[58.03889741],[19.31427806],[37.77545326],[21.20517164],[20.2266665],[52.08224393],[114.05401527],[164.55552112],[21.03621329],[179.41178863],[13.09376056],[13.37911467],[75.20631751],[97.33402463],[16.55891822]
242,[63.14821431],[38.76546221],[58.304197],[19.27104335],[38.52730748],[21.39358649],[20.27096572],[53.3902838],[116.4259296],[168.6264115],[21.24712219],[181.81421682],[13.26009071],[13.55868388],[75.42455726],[100.29936578],[16.87130597]
243,[63.56834691],[39.03711064],[56.8353868],[19.19529751],[37.79515759],[21.30223667],[20.16755622],[52.93129158],[116.81547712],[168.99280112],[20.70338783],[180.56830676],[13.26432671],[13.65580942],[74.2700659],[101.19148521],[16.82808093]
244,[64.44565159],[39.20146363],[57.97343164],[18.85676088],[38.45401883],[21.21070235],[20.19020747],[54.31776647],[118.59478606],[170.46282694],[20.79852775],[181.08514314],[13.2403984],[13.6267667],[74.17010382],[102.52999203],[16.88301664]
245,[63.46914782],[39.10676106],[58.49413175],[19.33785328],[37.97314168],[21.46250209],[20.35354839],[53.76847542],[118.00253844],[169.28577209],[21.23421482],[176.7676307],[13.28532703],[13.71454281],[75.37519215],[100.53565475],[17.04326967]
246,[63.45498058],[39.49552682],[58.90151692],[20.20345347],[38.25594158],[21.44805375],[20.32979784],[54.33603344],[117.817872],[169.90563799],[20.9091585],[179.15487043],[13.35717181],[13.68736105],[74.77115675],[100.75991964],[17.47513324]
247,[62.78270725],[39.50102352],[59.98258898],[20.02990749],[38.60707243],[21.63609475],[20.50723352],[54.03489803],[118.57512027],[168.58326378],[21.25594878],[184.13029845],[13.35508002],[13.68865994],[75.79663043],[102.90674356],[17.69850248]
248,[63.13278194],[39.52237375],[58.89225316],[19.98656541],[38.31810048],[21.45185392],[20.30872277],[54.0292091],[119.51289074],[171.4647836],[21.33953723],[194.0154772],[13.426221],[13.69675384],[76.19486246],[104.45933854],[18.15227114]
249,[63.34714065],[38.53212116],[58.36864521],[19.98506522],[37.99120253],[21.32233805],[20.16822854],[53.30067468],[120.21090808],[172.44929522],[21.13317827],[197.34911674],[13.28430769],[13.64079949],[75.57591691],[107.07053063],[17.78175172]
250,[61.40660544],[38.29411134],[57.88208536],[20.07435025],[37.77557072],[20.76142487],[19.7256958],[51.65217424],[118.66665093],[172.40600942],[21.01568039],[196.41393819],[13.1657929],[13.54299993],[74.71360128],[104.32418538],[17.55817506]
251,[61.54650355],[38.508267],[57.36049536],[20.31632223],[37.67155333],[20.44652396],[19.30770559],[51.73496336],[117.82175927],[171.46149618],[21.01675359],[194.75989505],[13.50377874],[13.85296206],[74.44746846],[102.46361771],[17.33212884]
252,[61.50390224],[38.20750858],[57.12196761],[20.24546544],[37.4081831],[19.94065237],[18.86224645],[51.65956462],[116.05346782],[172.86339026],[20.57615373],[194.8283919],[13.46817719],[13.7416898],[74.39410781],[103.59984458],[17.6186051]
253,[62.07671897],[35.72701191],[56.51484913],[20.33620294],[35.91833259],[19.20212448],[18.13811891],[49.01558506],[117.29040836],[172.76322287],[20.36196293],[195.72658266],[13.5395189],[13.84975089],[74.38180864],[103.77795354],[18.40483978]
254,[61.23197848],[35.70219049],[56.99015033],[20.23040187],[35.9817306],[19.18930308],[18.18373753],[48.43130222],[118.9724291],[173.81764425],[20.84370302],[199.27216917],[13.69414881],[14.06419525],[75.08071306],[104.74505371],[18.60063481]
255,[61.49113162],[36.17433771],[56.87194724],[19.72006346],[36.63264437],[18.99887193],[17.99219572],[49.03590698],[117.67843737],[174.60406174],[20.69999105],[202.32988281],[13.6548703],[14.02282573],[74.00178452],[104.89320328],[18.30115511]
256,[61.72599586],[36.26347825],[56.6900556],[18.99308881],[36.46438489],[19.08904926],[18.00826969],[48.88842913],[116.16337673],[176.14606518],[21.01536701],[199.16446516],[13.61647727],[13.95351043],[75.51721461],[103.98989039],[18.16063664]
257,[61.54849671],[35.66588623],[56.95688535],[18.65754406],[36.19404052],[19.58190064],[18.50197733],[49.78148237],[113.09662745],[176.00514948],[21.20543867],[195.40590921],[13.72727183],[14.09715259],[75.33441763],[104.55755063],[17.90307202]
258,[62.00552845],[35.69609031],[57.77309714],[18.50560465],[36.89086502],[20.01004563],[18.90855288],[49.26693038],[113.13564902],[174.49953227],[20.8079426],[195.0620951],[13.60543417],[13.87659356],[73.29546844],[104.6955018],[17.83204038]
259,[62.61075429],[35.52808443],[58.88496455],[19.08046288],[37.2116502],[20.21197411],[19.20366578],[49.30371602],[113.97430718],[175.09918327],[20.85544137],[194.10014658],[13.7041059],[14.09848806],[73.61437024],[105.01265094],[17.84588762]
260,[61.57612145],[35.24023357],[57.98555001],[18.7768899],[36.51896103],[19.5375446],[18.59200373],[48.93718736],[114.01898243],[171.55566103],[20.65663352],[192.38027447],[13.75399243],[14.00389443],[72.97695278],[105.10741277],[17.35831073]
261,[62.6661753],[34.8359244],[57.01704604],[18.71974917],[36.47345612],[19.37119251],[18.36274445],[49.00063686],[113.72447934],[172.03529444],[19.85195747],[195.84857592],[13.61313236],[13.93036793],[71.27406025],[105.26526797],[17.22275442]
262,[61.95409613],[33.39141674],[57.21892512],[18.50618264],[36.81650636],[19.18552022],[18.11493969],[48.99278565],[114.68212031],[171.08787917],[19.51457279],[193.49618322],[13.66461998],[14.0150756],[69.88090624],[104.99098236],[17.11406449]
263,[62.06678748],[33.70864041],[56.96846164],[18.49183049],[36.24510533],[19.2482019],[18.17103201],[47.89299591],[115.9182555],[170.91368558],[20.22511924],[195.09423767],[13.67193989],[13.97959706],[70.30201683],[105.45292589],[20.0930946]
264,[64.01436727],[33.96049051],[56.79295591],[17.42949477],[36.78023274],[19.02784175],[17.92950064],[46.46981745],[116.99025113],[178.11868827],[19.72237012],[199.20185736],[13.67966334],[13.9509489],[68.71821353],[107.74038673],[21.65748438]
265,[65.16925729],[33.5138243],[56.14535002],[18.45956638],[36.49847118],[18.9035026],[17.85145074],[48.45338926],[117.65436859],[179.97025815],[19.3000562],[198.10311135],[13.81575857],[14.15486733],[67.71023794],[109.66028035],[21.22945751]
266,[65.40894043],[33.65000736],[56.10897475],[19.0135456],[35.98746627],[18.81732702],[17.7602665],[48.50581984],[119.58645136],[179.39300518],[19.24273992],[196.22665495],[13.65218109],[13.88742043],[67.11825367],[110.50226019],[20.46211795]
267,[65.29218244],[33.53179329],[56.15928256],[17.73029654],[36.0739328],[19.07867028],[18.01220687],[48.82713728],[114.30567017],[182.21830109],[19.50126418],[197.8009891],[13.70406054],[14.04805936],[67.62748881],[110.3642779],[20.1914244]
268,[65.43387017],[33.15746293],[54.49812181],[17.48512977],[35.11997782],[17.23958397],[16.17639289],[48.20380846],[112.60564227],[178.89975745],[18.94762945],[199.13694647],[13.80055707],[14.05317813],[66.28739611],[108.48033276],[19.59529797]
269,[63.42703885],[33.30462232],[55.42365701],[16.33937265],[35.66165273],[16.43673416],[15.26383987],[48.04498071],[113.34521941],[178.87655284],[18.93184366],[199.79593992],[13.8552219],[14.17974975],[66.27198148],[108.85656228],[19.89144525]
270,[61.24939647],[33.04573518],[57.44611732],[16.23554849],[36.41565828],[17.3030344],[16.20314401],[50.10233852],[111.8195372],[180.60079191],[18.55933],[195.65466829],[14.16084269],[14.42102193],[65.47063208],[106.87277171],[19.69360682]
271,[63.3649276],[34.06254627],[58.03957636],[15.49331505],[36.54537974],[17.06428968],[15.9822486],[50.25531118],[112.55462147],[179.6992237],[18.8099095],[193.85077542],[14.36013484],[14.74456813],[67.21050488],[114.34301708],[19.86589913]
272,[63.15829517],[34.2020234],[56.87521945],[15.49518462],[36.84470405],[17.14468904],[16.06137847],[50.82812715],[113.05767239],[178.47134743],[18.79632361],[191.93185044],[15.10977523],[15.57643798],[67.42484813],[116.18530925],[20.33011614]
273,[63.67453312],[34.18440673],[55.97422469],[15.35340491],[37.22974195],[16.9571727],[15.9246092],[50.78545785],[112.10074988],[178.93936589],[18.67955211],[195.03455915],[15.24046553],[15.60102828],[67.98319118],[117.39445495],[20.12022841]
274,[64.04234495],[33.68318991],[56.33004069],[14.34146296],[36.82539157],[16.16927484],[15.15151903],[50.47628297],[112.50041475],[178.36131358],[18.62713365],[195.43071136],[15.25662549],[15.54531],[67.60610528],[118.2842369],[20.01069879]
275,[62.94593841],[33.83453531],[55.98138988],[14.82614912],[37.1525856],[16.65318092],[15.68797658],[50.59760259],[111.53033548],[178.13280451],[18.4630494],[191.93805712],[15.19349504],[15.54127715],[67.20654654],[117.05794039],[19.82357152]
276,[64.07979788],[34.55758555],[56.44104531],[14.74621348],[37.05855466],[16.69240456],[15.66688208],[50.48059778],[111.65555871],[179.79222836],[18.66775427],[195.34524609],[15.68938992],[15.95972061],[67.41050596],[118.49289366],[20.24691186]
277,[64.13093711],[34.49658684],[56.71513646],[14.77285065],[36.11751563],[17.45777732],[16.37271695],[50.66944553],[108.94137697],[179.17415603],[19.04898467],[192.9391431],[15.8402593],[16.20221335],[69.26238183],[118.15801349],[20.71331431]
278,[63.98833744],[34.64905413],[55.93244464],[14.79912632],[35.80628559],[17.31267082],[16.26378849],[49.98106377],[107.72928807],[178.74785117],[18.90500005],[194.04305326],[15.65855225],[15.94725976],[69.56915297],[117.53599323],[21.07663832]
279,[64.48874354],[34.30332797],[56.76117607],[14.49171648],[36.4171169],[17.14068529],[16.10017122],[50.05258542],[107.94771998],[181.97361923],[18.69773204],[195.91542922],[15.81311614],[15.96247459],[69.60839372],[118.92953543],[21.78477241]
280,[65.0915018],[34.9247248],[56.17874835],[14.32207759],[36.41031799],[17.73062582],[16.69426506],[50.42284736],[107.52997731],[181.02416243],[18.71749262],[196.12500195],[15.74259765],[15.8737181],[68.85374564],[118.37518327],[22.14578457]
281,[65.96602345],[34.78960147],[56.56683216],[13.81150626],[35.85407417],[17.3940093],[16.36442366],[49.85684353],[108.3589899],[182.68017392],[18.75184185],[195.51744419],[15.75452157],[15.8781944],[68.98463935],[117.90045208],[22.30638148]
282,[65.74548983],[34.6855663],[55.95274189],[13.61098311],[35.52841222],[17.38598849],[16.30734145],[49.65603274],[107.17576834],[183.01951223],[18.58930958],[194.85206455],[15.75107172],[15.96437591],[68.81653244],[117.85520793],[21.73352175]
283,[65.94203875],[35.45296991],[54.79743473],[13.70001097],[36.23656156],[17.91363547],[16.83849487],[50.41042267],[109.61930901],[182.47627547],[19.37740062],[199.00942612],[16.14920628],[16.35891878],[70.54051128],[116.5781823],[21.67944584]
284,[62.39174306],[36.53880613],[56.51180814],[14.56800217],[37.20184226],[18.77187783],[17.71053919],[51.28571621],[105.56594827],[175.10785876],[20.03361189],[187.91000344],[16.35780634],[16.45632802],[72.69790725],[111.98894587],[20.75705755]
285,[62.54241547],[36.36138141],[55.9540675],[14.55363118],[37.53937293],[18.94235476],[18.02845382],[50.6185578],[106.36841535],[177.51542315],[19.74273879],[187.76411147],[16.15382605],[16.4009427],[71.54743067],[111.60380499],[20.53406058]
286,[62.2465539],[36.52494638],[57.16582594],[14.24347882],[38.42152818],[19.37628781],[18.34318836],[50.30624522],[106.21192054],[175.97060221],[20.02867053],[186.62725001],[16.21484994],[16.45936838],[73.30488506],[111.49657104],[20.71739083]
287,[59.13508515],[37.3281008],[59.9706176],[14.82432448],[40.32715983],[20.775169],[19.49211498],[51.59879672],[100.80410785],[171.94810351],[20.66220668],[184.14505],[16.53076553],[16.73616587],[74.40524753],[103.25462103],[20.41145595]
288,[59.71645507],[36.50859682],[58.07699564],[14.33045779],[39.48669143],[19.74598848],[18.47810966],[52.00709713],[103.78711045],[173.11730923],[20.56867456],[184.0437611],[16.37791524],[16.53593258],[75.4012299],[103.79050542],[20.80332626]
289,[60.73002885],[36.12116594],[57.64846291],[13.79371775],[38.55359989],[19.33964009],[18.14722744],[49.2499455],[103.26451886],[176.59436475],[20.30275986],[185.1171174],[16.40076882],[16.55501406],[74.50010628],[105.28877546],[21.04550863]
290,[61.66326349],[36.16589179],[57.08263886],[14.12945849],[37.84886367],[19.48715246],[18.32661756],[48.99222356],[104.74116331],[180.38222765],[20.18380616],[185.01594791],[16.36856839],[16.55385173],[73.21810523],[107.20214366],[20.96475402]
291,[62.41933315],[36.76292461],[57.42095882],[14.67415609],[37.90453987],[19.52909931],[18.2675726],[48.54314456],[105.66473433],[178.70293979],[20.24500951],[188.29646339],[16.52691392],[16.78040989],[73.45479688],[107.01593823],[21.05485983]
292,[63.00572067],[36.89006616],[57.68202062],[15.89129164],[38.46444701],[19.72064592],[18.39646245],[49.51595877],[107.79695247],[178.61238611],[20.21588605],[185.90570376],[16.59826771],[16.91523155],[74.33629675],[108.02839351],[21.9010039]
293,[64.22185538],[38.1828499],[57.97029628],[15.62589982],[39.53685608],[19.58912971],[18.26608282],[49.62749685],[107.71387038],[176.89401406],[20.47252337],[185.61150848],[16.20983252],[16.54003448],[74.52276042],[107.67560674],[21.60706099]
294,[64.51360075],[38.01090333],[57.183507],[16.74782246],[38.57194663],[19.71360906],[18.43464696],[48.97480266],[105.43515605],[178.52419679],[20.14850752],[187.61464973],[16.28751547],[16.5059288],[73.76950998],[107.67236447],[21.59843072]
295,[64.95480382],[37.7521195],[58.13075876],[16.40756656],[39.08090615],[19.96686813],[18.59318224],[48.50109238],[106.30072226],[178.71525085],[20.18138],[189.3562298],[16.20749623],[16.433353],[73.14845758],[108.92111853],[22.4362422]
296,[66.55256358],[38.27205189],[58.79362569],[16.94830146],[39.71844975],[20.95990128],[19.69740589],[48.5640175],[109.19317734],[180.33761954],[20.4589956],[189.84725595],[15.99635223],[16.32769915],[74.32060134],[111.15642537],[22.13656178]
297,[66.02211161],[38.46425868],[59.00713704],[17.77098985],[39.50082679],[21.56973089],[20.38469863],[49.88326955],[107.53678056],[180.85901162],[20.34234429],[190.15316844],[16.35701296],[16.62545311],[73.49059233],[110.56465876],[24.52304565]
298,[65.02037269],[38.03613281],[59.46680315],[17.3193123],[39.12754864],[21.91783439],[20.76865931],[48.40397786],[107.23355295],[179.45302861],[20.38093761],[186.82108645],[16.26213801],[16.65139104],[73.93366043],[109.2665355],[25.01658927]
299,[64.42984763],[38.59590922],[60.02154983],[17.1168733],[39.35728219],[22.29710851],[21.09176922],[48.74552542],[108.35484054],[177.88162462],[20.14821048],[188.73553145],[16.23438215],[16.59876055],[73.88503342],[108.68960159],[25.06002647]
300,[65.08823678],[38.87714629],[60.49810523],[17.48012854],[40.81655392],[23.26224171],[22.09953781],[49.07470407],[107.88129303],[177.69611184],[20.24392407],[188.38576375],[16.36280488],[16.66428166],[74.13679262],[110.43106208],[24.94195202]
301,[64.67812742],[38.9545509],[60.17845388],[17.1999897],[40.78364399],[23.64097674],[22.42023627],[48.52353047],[106.31064442],[177.59242743],[20.39342216],[189.80870085],[16.40037683],[16.78923016],[73.61940347],[109.55658081],[24.18752452]
302,[63.66334133],[39.07460125],[60.20529348],[17.35324221],[40.79058305],[23.47465031],[22.21247881],[48.34922888],[105.14052947],[176.30126089],[20.23872532],[187.47932654],[16.30924424],[16.58875115],[73.39055709],[108.40024985],[24.17194527]
303,[63.43837433],[38.88138909],[59.28182245],[17.04929709],[40.38861855],[22.97836891],[21.6895756],[47.63703349],[105.23133662],[177.86813933],[20.25459472],[186.1457231],[16.25248936],[16.65584051],[73.45886888],[107.87215821],[24.18187569]
304,[63.46896828],[39.21034994],[59.29036816],[17.10660478],[40.24184846],[22.45595336],[21.17993345],[47.87700855],[105.54227582],[178.16927898],[20.37069854],[192.51425358],[16.32649113],[16.64911404],[73.40497374],[109.58717484],[24.30065874]
305,[63.44486289],[38.85271463],[58.97125005],[16.65559597],[40.04157804],[22.30522523],[21.09464017],[47.73579196],[105.37857906],[176.52514064],[20.17036544],[191.61460327],[16.19715496],[16.58220453],[72.87876737],[110.05677706],[24.04704943]
306,[64.33102344],[38.54130995],[59.18021155],[17.43404666],[41.07174269],[23.04892013],[21.77484948],[50.26430285],[109.65096498],[181.46912813],[20.2498851],[200.82853361],[16.43648943],[16.8183821],[72.78152628],[112.71140094],[24.45194787]
307,[65.25653371],[37.59696635],[59.19011337],[17.04993026],[40.41431865],[22.56065165],[21.42816125],[49.25739864],[109.79287943],[184.80601297],[19.77086323],[204.39227342],[16.4964538],[16.89846725],[70.51463532],[113.91638453],[24.41790128]
308,[64.71924902],[38.04042763],[58.03896555],[16.93577026],[40.637372],[22.05784737],[20.80737945],[49.4062141],[107.25044809],[184.03893735],[20.18411184],[205.32674854],[16.582633],[16.92469489],[71.09932333],[113.94564346],[23.96847573]
309,[66.25431769],[38.11941879],[57.63429838],[17.00772099],[41.05423462],[21.95969621],[20.75531349],[49.14598142],[112.32148012],[186.41537706],[20.19416355],[209.56026139],[16.81868812],[17.21701952],[71.95171595],[116.54564441],[24.25645199]
310,[66.53726303],[38.26694106],[56.73896386],[17.21375102],[40.4396826],[22.27775238],[21.0507324],[48.89648686],[112.75676999],[188.12765548],[20.35549703],[211.70402986],[16.82058654],[17.19031905],[72.45181151],[117.39021961],[24.49323408]
311,[66.24501672],[37.44490471],[56.0297913],[16.49471107],[40.60038043],[21.5878795],[20.42381111],[48.56898297],[112.39773715],[187.75049446],[20.28642362],[209.08566548],[16.87120357],[17.24761019],[72.07500028],[115.09880587],[24.17413189]
312,[66.79688163],[36.59411139],[56.64846964],[17.51479883],[41.09168835],[22.7701606],[21.6488928],[48.41054334],[112.40962641],[187.72243234],[20.89087466],[212.33463818],[16.85085538],[17.15316126],[72.65151506],[115.31179887],[24.22104963]
313,[69.00939658],[36.48185137],[57.70449209],[17.45143535],[42.60660577],[23.97012897],[22.72166522],[49.26980637],[111.52464801],[187.82773567],[21.43863501],[216.94162295],[17.0729512],[17.49248995],[74.1769025],[116.91371399],[24.25997964]
314,[70.26084037],[36.91774549],[58.8083245],[17.30729957],[42.44792394],[24.21184688],[22.8972572],[49.45924725],[113.20062336],[179.47995896],[21.71128324],[220.9349434],[17.15148122],[17.55243862],[75.79147867],[117.55628185],[25.30085749]
315,[68.81010528],[36.68709117],[59.41909374],[17.34509551],[41.76815689],[24.48592978],[23.19466993],[47.95322925],[112.10320042],[178.73904312],[21.17979452],[221.12451727],[16.96400556],[17.28915986],[74.41307704],[114.38883545],[24.70977291]
316,[70.24317368],[36.86631743],[58.89726456],[17.40338026],[41.65423602],[24.60863955],[23.33910821],[45.41191249],[113.26918625],[178.45782274],[21.56658521],[217.26977735],[17.22310761],[17.57373274],[75.51127059],[115.81656003],[24.48666907]
317,[69.7221055],[37.16143218],[59.98057647],[17.31982264],[41.82193563],[25.4889351],[24.16208158],[45.21297955],[115.31855641],[180.64892307],[21.61160391],[220.25081649],[16.99536086],[17.37376055],[75.86250907],[117.34132963],[23.97273426]
318,[70.58823243],[37.21219827],[57.71916623],[17.29604257],[42.5070751],[25.63406508],[24.38361141],[45.29285817],[116.19444686],[181.73184824],[21.36545277],[220.25324202],[17.21223109],[17.54502271],[75.13944817],[118.20773572],[23.5559652]
319,[71.277324],[37.91712173],[58.34731012],[17.67354117],[42.90229071],[26.24576729],[25.03056884],[46.34081684],[118.15966726],[185.42689176],[21.93965253],[227.4440915],[17.19767503],[17.57086767],[76.25747586],[118.51777585],[23.36723378]
320,[71.52480074],[37.13357179],[57.42666899],[17.2918317],[42.41857505],[25.64181808],[24.46448688],[46.30668251],[117.53831527],[189.23197827],[21.736685],[249.67196439],[17.04791063],[17.32733738],[75.47504726],[116.89523351],[22.76312147]
321,[70.24708688],[37.04786933],[59.21783408],[17.37798047],[42.97273197],[25.90575898],[24.56880269],[47.74678678],[114.53057522],[186.05343614],[21.81733119],[260.29056831],[17.10695422],[17.41349392],[76.63275989],[116.26814759],[22.4026652]
322,[70.8165915],[37.46686984],[59.22638104],[17.79034561],[42.12087174],[25.68492737],[24.41517176],[46.93212655],[114.48296973],[187.00447342],[21.35305936],[268.95031522],[17.02492803],[17.28660427],[76.53384131],[117.22747887],[22.17305654]
323,[72.38637423],[37.83546477],[60.02291488],[18.20237949],[42.77153262],[25.93637716],[24.7152516],[47.19076951],[115.12643753],[189.98041774],[21.92315872],[273.73377061],[17.13878912],[17.49915712],[77.67313876],[119.41541751],[24.16743281]
324,[72.47916698],[37.21938737],[58.7435643],[17.99385638],[41.99313345],[25.87781651],[24.68085187],[47.25135051],[117.92098672],[186.04549713],[21.7691417],[284.20944921],[17.06474003],[17.35835535],[77.34777576],[119.50913961],[25.19658832]
325,[71.76874054],[37.47892007],[58.42226056],[17.78072298],[42.30113523],[24.87954043],[23.77036684],[47.2509562],[119.05608634],[187.20561096],[21.70456916],[278.29962845],[17.04611411],[17.29423418],[76.92007525],[118.39596351],[25.59481551]
326,[73.9408646],[37.43809871],[57.59387389],[17.8011402],[42.56028741],[25.02287072],[23.81415974],[46.88411753],[127.09433565],[187.09911914],[21.87295068],[270.36516918],[17.11581458],[17.46278085],[76.65083141],[125.8673722],[25.68434125]
327,[73.30170161],[39.26598889],[58.89066553],[17.93758395],[41.85459249],[25.22139312],[24.12044361],[47.16178752],[128.03598462],[193.39384085],[21.78663684],[265.15039869],[16.80648088],[17.12744441],[76.23403734],[125.02661538],[26.78497421]
328,[71.7247047],[37.97286963],[55.52557448],[17.70646459],[41.09438167],[23.72349497],[22.69251141],[46.76359784],[124.28316008],[190.41636598],[21.30136629],[267.72095162],[16.40362833],[16.74799404],[75.02976977],[121.99524052],[25.8547896]
329,[68.77503173],[36.62891578],[54.25790452],[16.75510752],[39.40189142],[22.81973551],[21.73007175],[44.83590444],[121.51448313],[182.30601166],[20.79109632],[255.61432246],[15.90963291],[16.13345921],[73.04980872],[118.18788329],[25.04334364]
330,[69.71682537],[36.91023728],[53.75867757],[17.09792241],[39.65330215],[23.80684245],[22.64645084],[43.32528214],[122.35395],[185.52460666],[21.01442193],[265.98712508],[16.27709573],[16.48692005],[73.73393778],[118.20462175],[25.11217465]
331,[69.58673432],[36.91931707],[53.3974152],[17.05918273],[40.19356715],[23.03207886],[21.84840651],[45.19162026],[123.19480693],[180.94551881],[21.32846642],[264.09437124],[16.05444899],[16.29468422],[75.17145737],[117.81835329],[26.70736778]
332,[66.28054903],[35.47373254],[51.93719693],[16.14372644],[38.12553427],[22.81497198],[21.50137591],[43.73238566],[117.07207851],[172.31550486],[21.34118452],[250.26747018],[15.64352152],[15.8166154],[75.8807647],[104.67933896],[30.16206359]
333,[67.09347327],[36.1563309],[52.78318977],[16.00184245],[38.51042614],[22.6079317],[21.40716483],[43.46728554],[121.16218346],[176.84099445],[21.71168305],[249.28042564],[15.78540788],[16.06949134],[76.86300117],[108.22798353],[31.52534673]
334,[68.08806885],[36.32211639],[53.07063455],[16.79634857],[38.56389094],[22.98096266],[21.76542517],[43.98337443],[122.00517891],[177.09575835],[21.89038707],[257.97270791],[15.71600585],[16.11746038],[78.61133854],[109.70778426],[30.83425226]
335,[68.07416943],[36.58774886],[54.64129608],[17.1875845],[38.93650929],[23.48852448],[22.22183489],[44.31281511],[122.61418605],[174.03539542],[22.20117256],[258.13421671],[16.22281775],[16.55678702],[79.50844059],[108.26928972],[32.97812813]
336,[71.95405431],[37.03448234],[56.70668028],[19.18534058],[40.12216992],[23.96885477],[22.76253329],[45.71663496],[127.21372322],[180.27480581],[25.02071633],[279.91469032],[16.39737407],[16.63272217],[77.46120968],[108.87987256],[33.25645009]
337,[70.11444609],[37.13449355],[55.38842186],[18.85334858],[39.77282594],[23.80289488],[22.61618212],[45.62054965],[125.40606295],[177.0876044],[25.29215251],[277.50602171],[16.25528235],[16.44275145],[78.69748742],[107.0826372],[32.93489717]
338,[70.90653892],[36.7562842],[56.28385481],[18.3708657],[39.4288544],[24.228273],[22.97231004],[44.5196175],[126.3171869],[176.39423883],[24.61684355],[278.46925824],[15.95914124],[16.0948726],[78.2325719],[107.55073116],[32.76028825]
339,[70.20815702],[36.31206684],[55.28261061],[17.87166049],[38.9847706],[24.02215148],[22.84901563],[43.13441847],[124.76333199],[177.64454518],[24.32569817],[280.49920683],[15.99078455],[16.12972681],[77.28185064],[108.53118797],[33.07523034]
340,[69.52731011],[36.49053265],[54.33605402],[17.95557283],[38.76602677],[23.70357301],[22.49844988],[43.90874601],[124.30337575],[178.9545173],[24.00078506],[278.16934586],[16.21047239],[16.49827246],[76.7899728],[108.70114661],[32.14871325]
341,[71.93984984],[36.70846559],[55.10988804],[18.22643568],[39.5083868],[23.96454183],[22.70515125],[44.48639878],[127.24824099],[183.54646629],[24.30324017],[285.8723413],[16.49843901],[16.75187535],[77.23813811],[111.46774587],[32.63553923]
342,[72.97931827],[37.4904742],[55.58545209],[18.40524231],[39.58680988],[25.09414551],[23.78278536],[44.9689628],[128.64382821],[184.72624782],[24.51537004],[293.73316425],[16.65892505],[16.92308004],[78.05091157],[114.30010678],[32.16636958]
343,[73.20829352],[36.21964893],[53.11107226],[17.62355325],[36.14879753],[24.24915677],[22.91532415],[41.57975647],[123.97297214],[178.15044648],[23.40256267],[291.082524],[16.1228033],[16.39185352],[76.35942622],[112.21733335],[31.82246652]
344,[72.11198412],[36.06832438],[52.24366501],[17.3882798],[36.49750945],[23.98656388],[22.61421745],[40.78528459],[122.40918809],[175.89204844],[23.01908964],[290.1953844],[15.73969898],[16.08312522],[75.04462384],[108.16593127],[32.28667045]
345,[73.82467866],[36.36520128],[53.16999371],[17.36244344],[36.52820409],[24.63976631],[23.15575475],[41.01064276],[124.89179774],[176.72504055],[23.63163074],[300.85232204],[15.86594411],[16.14458527],[75.55441693],[110.58395581],[32.90517393]
346,[74.91139903],[36.67165674],[53.32951101],[17.85190985],[36.76277594],[24.42147573],[22.88966282],[41.5109377],[126.13446039],[181.18744704],[23.63441323],[314.62415995],[16.132673],[16.38669471],[75.81983876],[111.63243263],[34.54981169]
347,[74.07609759],[36.86775822],[53.36186621],[18.05651361],[36.91607433],[24.36730242],[22.8066993],[41.2116934],[125.24737466],[180.20758422],[23.64670134],[324.60259863],[16.43108714],[16.61704556],[75.41877658],[111.01383438],[34.44538373]
348,[74.18484905],[36.91662099],[52.16509708],[17.83950685],[36.08639976],[23.89268779],[22.35301999],[41.41278359],[127.42025911],[183.75595514],[23.43026127],[320.50596591],[16.31046308],[16.50666146],[74.19765919],[111.20400996],[35.59182314]
349,[76.50585597],[37.12544949],[52.62045803],[17.80306063],[36.86534721],[23.87410275],[22.37756714],[41.34499733],[128.39032745],[181.90719045],[23.67610637],[316.86513268],[16.21950012],[16.39978372],[73.58635288],[113.27549406],[34.75246844]
350,[77.97404046],[37.03880916],[52.13157602],[17.93067766],[37.13545848],[24.13677126],[22.44388175],[40.73201827],[128.49274506],[185.13986815],[23.93238129],[331.394017],[16.47472921],[16.80740539],[73.69982066],[116.24696701],[35.12050793]
351,[77.0119281],[37.38410566],[52.31536749],[18.00363651],[36.93113884],[24.34913946],[22.5500873],[41.36757275],[128.34197027],[184.47598629],[23.72970879],[320.99822108],[16.53563682],[16.83559587],[73.44917988],[115.84023152],[35.44082612]
352,[76.14838803],[37.3772135],[51.91725961],[17.66916473],[36.41337558],[24.19718367],[22.41071017],[40.94617846],[126.32282747],[181.94172357],[23.43298729],[316.20014023],[16.36357531],[16.642738],[73.7179163],[113.91740029],[34.05029479]
353,[74.38447449],[37.01789504],[51.27907145],[17.30838012],[35.98645474],[24.00436002],[22.18176637],[40.49618716],[127.9969134],[184.23033144],[23.45857286],[321.37708193],[16.33988008],[16.66630533],[73.90636897],[109.77268122],[36.48429053]
354,[73.60828906],[37.06754728],[51.05566362],[16.96049734],[36.1388601],[23.33332367],[21.54506258],[40.0640974],[129.20728131],[183.92994317],[23.58981967],[321.18316955],[16.41566889],[16.73710601],[73.89518204],[109.19118845],[35.81541797]
355,[71.98019031],[36.99076014],[50.92514427],[17.14429311],[35.82286745],[23.13694938],[21.50394537],[40.78226312],[128.69875604],[185.4731808],[23.58633614],[318.44211074],[16.59336214],[16.99798489],[73.97749536],[107.55726247],[35.57822914]
356,[71.3068899],[36.5593129],[50.81112682],[16.65893018],[35.28063327],[22.89889443],[21.18759446],[39.59665568],[125.71415772],[172.81768878],[23.40350731],[313.39410194],[16.33541519],[16.74595357],[73.57912881],[104.94725989],[35.00636982]
357,[71.49858425],[36.35453455],[50.28626102],[16.22971504],[34.55166258],[21.91734676],[20.20971982],[38.81322427],[126.93676247],[168.79566413],[22.88725166],[317.6594111],[16.36440754],[16.75441743],[72.30022001],[105.49403646],[31.28761449]
358,[71.68483435],[35.98781198],[50.85469797],[16.37493044],[34.47355129],[22.11919344],[20.45905129],[39.07476895],[125.91553235],[170.19160332],[22.94513441],[316.36444894],[16.51696459],[16.90751519],[72.45830414],[104.78988134],[32.62933076]
359,[70.00759788],[35.34634154],[50.2363552],[15.75791519],[33.21496301],[21.47079595],[19.82064887],[37.73637715],[123.35918562],[166.25798478],[22.2561638],[306.79448068],[16.24541781],[16.67393996],[70.84712594],[102.73846413],[31.3372885]
360,[68.34011879],[34.68764857],[49.33302266],[15.51223457],[33.14820039],[20.99822034],[19.3215054],[36.67601868],[122.01930253],[160.40518353],[22.07286388],[301.13122594],[15.55204771],[15.99018274],[70.3291668],[100.14918507],[31.18859778]
361,[70.06297069],[34.70524852],[51.61142561],[16.25915439],[33.56043379],[21.72359332],[19.88692571],[37.12705418],[126.48633382],[160.55499484],[22.74742469],[320.47474782],[15.69517086],[16.1181535],[71.57599337],[102.9690371],[32.07917876]
