,Conagra_Brands_predictions,Kimberly_Clark_predictions,MetLife_predictions,Raymond_James_Financial_predictions,Flowserve_Corporation_predictions,TripAdvisor_predictions,TwentyFirst_Century_Fox_A_predictions,TwentyFirst_Century_Fox_B_predictions,Verizon_Communications_predictions,Viacom_predictions,The_Walt_Disney_predictions
0,[47.40454632],[122.17312526],[47.55115506],[58.96444786],[46.17578672],[64.60646139],[24.70200141],[24.99918104],[50.19221339],[36.16280801],[92.51437536]
1,[46.99745948],[121.38494581],[47.22162875],[58.29636796],[44.90001518],[63.4801041],[24.62229481],[24.81099593],[49.84866896],[35.65043459],[91.87027367]
2,[47.23235665],[121.91248134],[47.47871335],[58.11745841],[44.57805876],[62.88842775],[24.55635124],[24.77605729],[50.30794665],[35.06918606],[91.4276818]
3,[46.92877059],[121.70837385],[46.62913208],[57.38965681],[43.67221258],[62.16505841],[24.52763539],[24.72402783],[50.26257368],[35.80549646],[91.18049434]
4,[47.58307623],[120.58764814],[46.89500447],[58.23102431],[43.42819601],[61.29022882],[24.71323346],[24.84654168],[50.30505437],[35.89734958],[91.37302993]
5,[47.5037803],[120.62338829],[46.65325144],[58.04028765],[43.12315448],[61.38096757],[24.66836914],[24.78091058],[50.4004426],[36.06629271],[90.9110538]
6,[48.37768672],[120.6019598],[46.80128155],[58.52243472],[42.95192522],[63.20435091],[24.95698913],[25.0581609],[50.29475421],[36.05773794],[91.24821289]
7,[47.85290649],[120.30863929],[46.86965481],[58.9659123],[44.52992196],[63.87947111],[25.09603868],[25.29000375],[50.38055838],[36.29046554],[91.98437815]
8,[47.50602028],[119.16904364],[46.66789866],[58.83363753],[43.722966],[61.92066206],[25.26682344],[25.35496056],[49.1543173],[36.41757349],[92.04979921]
9,[48.01455465],[119.58907852],[46.37056643],[58.76400593],[43.52907035],[62.88169592],[25.81852005],[25.8854666],[48.22743223],[37.49350757],[93.07363908]
10,[47.76967529],[114.22135164],[46.63773408],[58.78195482],[43.28870123],[63.92665294],[25.54133458],[25.63478491],[48.20393528],[37.31882524],[93.32614149]
11,[47.83663997],[113.72368448],[46.2611871],[58.55825239],[43.13443712],[63.55342462],[25.55757486],[25.71624567],[47.89085674],[37.38613284],[92.68322215]
12,[48.04653014],[113.52203569],[46.92717538],[59.14625739],[43.76353123],[61.59123445],[26.36340367],[26.45573409],[47.59513223],[37.65969582],[93.47741162]
13,[47.51726234],[114.18316213],[47.69945307],[61.9661023],[43.48072655],[61.81527949],[26.09105139],[26.22623245],[48.48649787],[37.61392233],[93.97582319]
14,[48.07785208],[114.2612015],[46.9264386],[60.82723492],[42.10745532],[64.42428126],[26.27749034],[26.2686665],[48.22195077],[37.53683831],[93.8609045]
15,[48.20799891],[114.43918776],[46.97507068],[60.23065452],[42.22808519],[64.51338993],[26.20354475],[26.31718286],[48.09466612],[37.4817714],[92.68966597]
16,[47.63520074],[114.02677212],[46.73567294],[60.19790442],[42.06578015],[63.32245135],[26.18569691],[26.18336956],[47.61754534],[36.55143198],[92.35644076]
17,[47.61389481],[113.5399937],[46.29731993],[58.84642277],[41.62406786],[61.52775732],[25.80944769],[25.75738589],[47.00448206],[35.79938625],[91.92583927]
18,[47.15161339],[113.69190436],[47.10983941],[59.44667129],[41.6461108],[62.81229633],[27.7170446],[27.47595916],[46.85775048],[36.66978949],[93.50936003]
19,[46.62151296],[112.43951572],[46.78734276],[59.02746865],[41.30318427],[63.69552616],[26.90541212],[26.65940978],[47.08789492],[36.44231838],[92.53674619]
20,[48.0357734],[113.90191585],[48.01521844],[61.04826029],[42.06307433],[63.37300017],[27.4669791],[27.28263548],[47.46322306],[37.62433951],[94.51492355]
21,[48.69646874],[115.40282185],[47.84909338],[61.30005253],[41.82805211],[62.96613188],[26.97499704],[26.93978016],[47.61279216],[37.19945371],[94.36288738]
22,[47.8320369],[115.51520505],[51.33908188],[65.34195426],[44.26426665],[52.43170896],[27.45214824],[27.33823361],[47.84324572],[37.97752512],[94.57503282]
23,[33.81762439],[112.16592029],[53.79874915],[67.37077844],[46.00757626],[51.62102615],[27.14404353],[27.14262432],[46.68731147],[37.87211811],[94.95638699]
24,[36.09512783],[112.84739458],[53.63362396],[67.91964058],[45.80184059],[51.13270398],[27.13877168],[27.0001476],[46.70226038],[38.38114674],[97.61379038]
25,[37.20419366],[113.15287713],[54.52995085],[70.07959787],[45.39338008],[48.80810986],[27.49082436],[27.29186903],[46.18332796],[38.78036029],[97.91083847]
26,[35.57270728],[114.02991834],[54.30263266],[71.92228733],[45.33881237],[49.48851815],[27.44327373],[27.38081571],[47.41655876],[38.50703097],[97.63411485]
27,[35.30735484],[113.19004416],[53.66165338],[71.82215914],[45.54956189],[50.39637377],[27.54770912],[27.50115409],[47.86843458],[38.52295959],[99.03640995]
28,[36.47847229],[112.44831383],[54.4854275],[72.78703974],[45.71620521],[50.9334324],[27.89173014],[27.77796334],[47.84715112],[38.51447692],[99.19934991]
29,[36.76298321],[113.04188782],[54.77927995],[73.23751092],[45.95771988],[50.63624737],[27.80796351],[27.67438797],[47.97769193],[37.65176388],[98.21753572]
30,[37.01077485],[113.84778038],[54.79811113],[72.3957857],[46.59310459],[51.69375808],[27.79925565],[27.72684065],[48.33732497],[37.15733177],[97.61687038]
31,[37.52561114],[114.55120401],[54.83239611],[73.35494695],[46.75074912],[51.32083211],[28.2377886],[28.0930264],[49.51587892],[37.16073542],[97.66199095]
32,[37.13572025],[114.48754129],[55.34399828],[72.76845506],[46.7735488],[50.74600489],[28.38574804],[28.26383835],[50.21284912],[37.18993166],[98.34561485]
33,[37.69614314],[115.79556936],[55.43821459],[72.60955642],[46.78624894],[51.10795643],[28.36936154],[28.26822633],[50.66844863],[37.62818516],[98.96205757]
34,[37.66589899],[117.12843917],[54.34195156],[71.10218342],[46.37850789],[50.17583874],[28.28670788],[28.16751553],[51.08734282],[36.66364113],[99.02857119]
35,[37.7049177],[116.60080336],[54.18788779],[71.06002702],[44.89040538],[49.20724007],[28.44236032],[28.32956467],[51.00007112],[36.94329538],[99.67639937]
36,[36.68980464],[115.60231782],[55.01151045],[71.90411871],[47.48103191],[48.17787005],[28.09883348],[28.05415264],[49.9113657],[37.39072977],[99.06901261]
37,[36.53727464],[114.08142744],[56.32696008],[73.77967504],[50.05183678],[47.11063735],[28.19676511],[28.08354914],[49.87178721],[37.17923805],[98.91893993]
38,[36.97936601],[114.21298413],[55.66707632],[73.09784081],[49.52191386],[46.35746142],[27.37727927],[27.36376351],[49.84997333],[36.44845736],[98.49808044]
39,[37.16244545],[113.67915649],[55.69574418],[73.62389585],[48.73902684],[47.94608659],[27.55688821],[27.53118042],[49.79303719],[36.5757511],[100.00569713]
40,[37.55579445],[114.4123302],[55.61915532],[73.27823425],[49.47064712],[48.14616974],[27.47117557],[27.34011487],[50.31191139],[36.43211627],[100.74548936]
41,[37.73972065],[114.27671031],[56.77356797],[73.71112249],[51.08163574],[47.49223477],[28.12831695],[27.96140091],[51.39234123],[38.06091465],[102.04667709]
42,[37.64771527],[113.49012401],[57.21648138],[74.01186424],[51.05060305],[47.95724013],[28.64498985],[28.45175133],[51.12734323],[38.71136996],[103.38792129]
43,[38.4332487],[114.49267194],[57.40872138],[73.17798737],[51.6655215],[49.28944702],[28.22096814],[27.95376363],[51.45323698],[38.55237795],[104.76324704]
44,[38.60385188],[114.83204981],[56.56907606],[71.57405464],[50.8425723],[48.6912807],[26.31734683],[26.22672506],[51.74186591],[34.69299583],[103.93363662]
45,[38.35744451],[115.38283427],[56.67096984],[71.50993334],[50.44122716],[48.93858637],[26.98437748],[26.83483878],[52.42479183],[35.02159989],[103.71031042]
46,[37.73593398],[114.54729318],[56.35480223],[71.82470936],[49.06670111],[47.55936916],[27.95884788],[27.49853011],[51.60390575],[34.40322657],[103.95070728]
47,[38.48734722],[115.41421458],[57.32900889],[72.62670754],[48.92475424],[47.35347843],[28.05080612],[27.47976445],[51.81007321],[34.99892611],[104.36809257]
48,[38.43940772],[116.19665517],[54.27358374],[71.69071287],[48.17683444],[47.31025068],[28.05582027],[27.73824929],[52.26407385],[35.21239157],[104.00015568]
49,[38.31948137],[115.02743334],[53.94719254],[71.55096501],[48.56838137],[46.42322002],[28.06031778],[27.5606496],[52.97298946],[34.38171917],[105.37874333]
50,[38.21842378],[114.37150034],[54.28586038],[72.90948378],[49.13798597],[48.72036519],[28.1493623],[27.59154811],[53.08464917],[34.60669073],[105.47221266]
51,[38.03479073],[114.60221673],[54.56419398],[72.70641726],[49.4353374],[46.23920585],[28.43967037],[27.70966433],[52.95742462],[35.1716585],[105.57202737]
52,[39.3083592],[115.13288537],[54.52504492],[71.54390376],[49.10791126],[46.2780069],[28.41378245],[27.73302018],[53.65131696],[35.06440051],[105.43439288]
53,[39.72464009],[114.80169727],[54.44936777],[71.7452091],[48.69649085],[46.44951415],[28.37288852],[27.70027787],[53.70819056],[35.10725132],[105.07794835]
54,[39.73378498],[115.07780001],[54.69763177],[71.30236456],[49.38876112],[47.4028935],[28.52051612],[27.8204624],[53.65722733],[35.72915863],[105.2033481]
55,[39.48831171],[114.19858357],[53.92653221],[70.17782435],[48.43866197],[46.70284937],[28.43278111],[27.64758008],[53.41030741],[35.39386527],[104.32689632]
56,[39.82380573],[115.07614348],[53.81208796],[69.30984003],[47.99010274],[46.89023741],[28.27796415],[27.48754888],[53.77542652],[35.22863452],[104.6381358]
57,[39.58249234],[114.15998063],[53.89082175],[69.19463685],[47.96963602],[46.31581369],[28.02765802],[27.23992181],[53.38923011],[35.00277278],[104.28779417]
58,[39.76631377],[114.61356933],[54.28597264],[69.70200671],[49.08117076],[47.51130526],[28.70808805],[27.97004168],[54.5902358],[35.87630205],[106.19456405]
59,[39.10091414],[115.0653306],[54.61305931],[72.45194984],[49.63574007],[48.85482451],[29.00097048],[28.21663336],[54.51496928],[36.53659821],[107.55743395]
60,[38.98606206],[116.08528055],[53.80257509],[73.75281057],[48.56946796],[49.19313767],[29.01094851],[28.36007119],[54.6636861],[37.45699298],[107.36689641]
61,[38.80091536],[116.35908065],[54.20434805],[74.90710146],[48.73405915],[50.70832726],[29.49979096],[28.79886692],[53.21043414],[37.68909423],[108.98369186]
62,[38.48371534],[114.73456016],[53.65692862],[73.63226741],[48.39019708],[50.94187683],[29.42984713],[28.72764098],[52.72426987],[38.27600901],[108.18469255]
63,[38.31504505],[114.36596368],[53.94042104],[74.41568378],[49.04241676],[51.31552779],[29.66901283],[28.91768092],[52.7791762],[38.27673598],[108.30630931]
64,[38.67440726],[114.44066763],[54.46731195],[74.83483329],[49.64954296],[51.62517303],[30.05085526],[29.38267393],[52.53328121],[38.85127718],[109.45470453]
65,[38.50997954],[114.59174187],[53.8737914],[73.88982915],[49.27848409],[51.91468993],[29.79401509],[29.07162056],[52.64939458],[38.39666151],[107.4444148]
66,[38.49139117],[114.5217204],[54.35161653],[74.42086193],[49.70420519],[52.90474924],[30.03027922],[29.25872735],[52.53265225],[38.66585071],[108.15849876]
67,[38.61911702],[115.95798193],[53.50255048],[72.0156995],[49.42623621],[52.58949995],[29.89627642],[29.19658027],[52.75636255],[38.58912952],[107.98945709]
68,[38.73090207],[116.40349011],[54.07846689],[72.87890894],[49.83723613],[52.84086869],[30.27029271],[29.51842013],[52.23546299],[39.76690304],[108.21803916]
69,[38.68115526],[115.9357338],[54.02199604],[72.10614344],[50.30084045],[52.11214872],[29.7859548],[29.20493406],[52.37178378],[39.6862009],[107.42183983]
70,[39.12628028],[116.14443695],[54.33486001],[72.83045875],[50.22815432],[51.83638586],[30.05463984],[29.54460353],[52.72105097],[40.2156701],[107.68237592]
71,[38.8804168],[117.01006374],[54.10970003],[72.95290104],[49.9203709],[51.32585072],[29.9706708],[29.47232213],[52.44212177],[40.20900323],[107.16562597]
72,[39.19649861],[121.64295779],[54.92734115],[74.34383033],[50.91617575],[52.12318082],[30.28553177],[29.79547072],[50.07961569],[41.08250267],[107.98282156]
73,[39.22465109],[121.99150402],[56.18663687],[75.71933713],[51.87851721],[52.61961294],[30.2896507],[29.77502334],[49.76068733],[40.87213172],[108.13876716]
74,[38.94790162],[122.1357722],[56.00460055],[77.33350687],[51.5139048],[52.13038395],[30.99180006],[30.56057083],[49.17266328],[41.85618757],[108.08901473]
75,[39.00136568],[120.83605175],[55.60857303],[76.06178043],[51.3166577],[51.91031281],[31.26807219],[30.8077637],[49.67681416],[41.84795258],[109.36926332]
76,[39.05358232],[120.87362393],[54.84979746],[75.53962023],[50.291535],[52.2431678],[31.36994954],[30.98771518],[49.3042004],[42.43688673],[110.94860674]
77,[39.09584099],[121.13899225],[54.36188644],[74.7720313],[49.02424077],[52.91406262],[31.35913735],[30.97544341],[48.99968644],[42.01935326],[110.65027547]
78,[38.93629687],[121.11557449],[54.3287998],[75.48722203],[49.24048671],[51.80701568],[31.5932669],[31.20506578],[48.33986922],[41.57210757],[111.28071096]
79,[39.24828247],[121.36667637],[51.35891344],[74.46769028],[48.1806041],[51.98332082],[31.44497647],[31.14370578],[48.30816383],[41.51490445],[110.48286385]
80,[39.3730569],[121.50852154],[51.83800005],[76.44141873],[48.74671851],[52.60141976],[31.40040037],[31.09361391],[48.59513259],[41.85152252],[110.23108545]
81,[39.21278238],[121.31020032],[51.87592779],[76.61974162],[48.35229506],[51.9646334],[31.04630762],[30.71505835],[48.02956906],[41.75925756],[109.61030012]
82,[39.53606122],[122.38903643],[51.68353177],[77.05822731],[49.69088444],[51.85417638],[30.47791541],[30.17549054],[48.00069284],[41.62453898],[109.03023245]
83,[39.52887493],[122.95698372],[51.47087353],[76.45900968],[50.67789822],[51.85875339],[30.20783355],[29.82561417],[48.36912806],[42.03123317],[109.1277541]
84,[39.71863323],[123.59538468],[52.6113098],[77.52602541],[50.66249384],[52.51741071],[30.11453772],[29.70996075],[48.84620032],[43.9140246],[109.61308125]
85,[39.83185483],[123.49318612],[52.89861858],[76.92135744],[50.83824316],[51.94017363],[29.92224409],[29.66667722],[48.95273321],[43.50834821],[109.38018073]
86,[39.75523161],[123.49753428],[53.53327057],[77.64923816],[51.38142262],[51.32299008],[29.73293586],[29.5011705],[48.52759237],[43.43126607],[109.7401291]
87,[39.79136941],[122.91858508],[53.89935858],[78.28888049],[50.83248251],[52.14810141],[30.29779086],[30.0101342],[48.2614166],[44.18523655],[110.36993684]
88,[39.95589714],[124.40516167],[53.88568043],[79.14347434],[51.13738602],[52.73307764],[30.68627511],[30.3038827],[48.09970129],[44.56077393],[110.18929463]
89,[39.93248637],[126.57421824],[53.6276638],[79.16797823],[50.71060319],[46.76308044],[30.52341471],[30.10447683],[48.48907389],[44.08731292],[110.75737156]
90,[39.60822389],[131.84124084],[52.92266263],[78.8791232],[48.20569529],[46.85734835],[30.34252405],[29.91451859],[49.19385759],[43.9419266],[110.03552605]
91,[40.21997039],[134.59778841],[53.35486458],[79.22268668],[48.28880604],[46.88356634],[30.51646753],[30.01759244],[49.42198611],[44.65602764],[110.00877162]
92,[40.48453947],[134.8512546],[53.47343812],[79.66658455],[48.67092478],[45.58294256],[30.45382362],[30.13652475],[49.63692719],[44.41075471],[110.16759637]
93,[40.45320831],[134.18845415],[53.57550602],[78.58291928],[46.84692624],[43.11152445],[30.34838255],[30.01421354],[50.31325859],[43.80975106],[109.76215868]
94,[41.12821011],[133.8355315],[52.47406196],[78.49544836],[47.77284782],[42.53237343],[30.60135943],[30.22086658],[50.63519295],[43.84775699],[110.42922839]
95,[40.87797186],[132.8003343],[52.66378494],[79.37761413],[47.9108892],[42.77130453],[30.41542176],[29.99342176],[49.92333533],[43.39423837],[110.27808202]
96,[41.18794979],[132.61485097],[52.41671557],[78.62783451],[46.480491],[41.37452913],[29.92848134],[29.38036403],[49.606007],[43.43244355],[110.13657207]
97,[41.21756718],[133.29372653],[54.39734385],[81.15681705],[48.08677086],[41.31267144],[30.39999818],[29.83611019],[49.8467697],[43.72537304],[111.10836749]
98,[41.07683632],[134.56575573],[53.42196751],[79.57051789],[46.91494799],[40.73168647],[30.17406647],[29.67698936],[50.02442579],[41.96219904],[110.58871517]
99,[41.15651661],[133.66811682],[54.86934439],[79.87091276],[46.56698678],[41.71626545],[30.48616499],[29.99240129],[50.06872482],[42.36185306],[111.30049906]
100,[41.27387345],[133.29490406],[53.92095953],[79.09583221],[45.97412654],[41.51764519],[30.67280201],[30.16715752],[50.0073476],[42.06267615],[110.67809916]
101,[40.75547289],[133.37565188],[53.25426114],[78.67344222],[45.98486877],[41.25233124],[30.51273715],[30.10616624],[49.43175734],[42.96543646],[110.85601628]
102,[40.33724361],[132.52368751],[53.50523787],[78.69626557],[46.00024684],[43.78711241],[30.34944527],[29.98158786],[49.15815521],[43.989055],[110.89855378]
103,[40.63809993],[132.69956417],[53.56571323],[79.24477627],[45.18569826],[43.63566216],[30.67729382],[30.22721342],[49.30171568],[44.37966227],[111.05856316]
104,[40.94481214],[133.90727568],[54.06550037],[79.39508592],[46.00586361],[43.52814213],[30.53523251],[29.95122594],[49.37388082],[43.62189874],[110.99872367]
105,[40.98533082],[133.86454808],[54.184899],[79.14656267],[46.20863293],[43.42539561],[30.51418371],[29.96895064],[49.45084332],[43.06345101],[111.56335448]
106,[41.20384844],[133.49096587],[53.87642955],[78.23320862],[45.48592992],[42.2980605],[30.50465105],[29.89371413],[49.34066342],[43.29595616],[112.36470723]
107,[41.49094373],[134.95545537],[53.66875072],[77.16590872],[47.15913467],[42.63517758],[30.72718659],[30.3079263],[50.15286764],[43.92766606],[111.88996444]
108,[41.4676803],[134.66712368],[54.01560447],[77.87088739],[46.85112197],[43.05011792],[30.75711689],[30.19667383],[50.04641978],[43.99384563],[111.72545818]
109,[41.41276932],[133.30346768],[53.33424957],[77.95520157],[47.0168306],[43.24263336],[30.81996269],[30.28068701],[50.38547048],[43.32263175],[111.73700812]
110,[40.84188455],[133.65206268],[53.13634278],[77.7718998],[46.59642322],[42.89215864],[30.61777285],[30.06697308],[50.21604438],[42.79775643],[112.74181778]
111,[40.84178222],[133.83299363],[51.89521115],[73.90842283],[45.69131383],[41.64757102],[30.55211219],[30.08566172],[50.18873492],[41.99701435],[111.81827388]
112,[40.53932131],[132.94567613],[51.7543427],[74.1521233],[45.8947758],[41.33484302],[30.95662763],[30.39630592],[49.69268917],[42.5843528],[112.13305076]
113,[40.38429862],[132.96413334],[52.08545322],[74.7616366],[46.05888576],[42.50861574],[31.32047784],[30.73368947],[49.65792604],[42.90978709],[112.25890412]
114,[40.49510136],[132.5291359],[52.01382456],[74.84870863],[45.68678498],[42.67540029],[31.5266129],[30.88051184],[49.6881853],[43.03304812],[112.15672237]
115,[40.15856771],[132.43857869],[51.72460782],[73.88677517],[46.99829229],[42.55596878],[31.89100388],[31.22848879],[49.14397635],[44.33312013],[112.48639346]
116,[40.2106578],[132.71169468],[52.50809844],[75.07694589],[47.15600807],[43.06436366],[32.41565605],[31.77448563],[49.27945816],[44.81349248],[113.0795796]
117,[40.61322374],[132.62042798],[52.15527639],[74.96502332],[47.41938546],[43.67025948],[32.09531753],[31.50513174],[49.13796639],[45.26436796],[112.55753093]
118,[40.27436695],[132.25385821],[53.14385173],[76.18770436],[47.88214301],[43.27331764],[32.35800316],[31.66927754],[49.07152393],[46.33268161],[113.22819195]
119,[40.32709273],[131.64346528],[52.82293742],[76.33162417],[48.3560192],[43.09436139],[32.34961973],[31.72353786],[48.72013946],[46.50781036],[113.40025035]
120,[40.37560757],[131.56924062],[52.35364106],[76.29603004],[48.08388146],[42.73075677],[32.14894814],[31.57674831],[49.19667659],[45.59786161],[113.21118214]
121,[40.23809215],[132.25528262],[52.33079453],[75.93676343],[47.70960471],[41.59190678],[31.75226985],[31.22632515],[49.31793393],[45.5033306],[113.09388607]
122,[40.40552212],[131.77883107],[51.85074053],[74.47632926],[47.57754797],[41.68234174],[31.36655843],[30.82636146],[49.0121042],[45.21210646],[112.9958489]
123,[40.4902662],[131.12068045],[52.7015698],[75.59711354],[48.81216396],[42.27252205],[31.1146517],[30.55233403],[48.38983503],[45.5742198],[113.09737236]
124,[40.48364139],[131.30465044],[52.6218133],[75.84759775],[48.65313449],[42.01596236],[31.07578028],[30.54644983],[48.68111127],[45.20061542],[112.64477371]
125,[40.56691934],[132.01726253],[52.79386401],[75.47696136],[49.21570819],[42.13864254],[31.25023885],[30.60837259],[48.5678474],[44.78304005],[112.49263213]
126,[40.50825398],[132.67309468],[52.78318437],[74.78676469],[49.03216727],[41.39301357],[31.1594245],[30.489057],[48.6983743],[44.74528452],[113.1387943]
127,[40.62770607],[133.09183087],[51.91790063],[73.70792182],[47.59778301],[41.46255467],[30.65853576],[30.15601297],[48.8953326],[44.25536114],[113.10689421]
128,[40.33015742],[132.68521727],[51.0985382],[72.58403844],[46.84752135],[41.30502345],[30.42384479],[29.86040804],[48.62621779],[43.72144238],[113.28433023]
129,[40.47704029],[133.36815002],[51.9172702],[73.69948865],[47.90994294],[41.74461474],[30.71190143],[30.14182479],[48.7944736],[43.94320414],[113.8203229]
130,[40.80848062],[133.95333337],[51.17119546],[73.13472687],[47.79832732],[41.90233634],[30.6612361],[30.04832151],[49.23493359],[44.03434501],[114.19565205]
131,[40.47157016],[133.28878324],[51.18863289],[72.91436226],[48.17321436],[41.9897018],[30.41184638],[29.84474285],[48.95207263],[44.29397924],[113.75727597]
132,[40.70982358],[131.21614273],[51.82573153],[74.16185866],[49.12197555],[42.66571577],[31.06274925],[30.51580693],[48.3724124],[44.27545418],[114.81445647]
133,[40.6796078],[129.98733473],[51.22416375],[73.25852164],[48.6135806],[42.63220129],[30.67360196],[30.19861478],[47.22942366],[42.96978516],[114.42602139]
134,[40.93410806],[130.49876042],[52.06260571],[75.13810833],[49.31521509],[43.30940192],[30.37905402],[29.80979602],[47.07643642],[42.7280614],[113.71689276]
135,[39.33651186],[132.90846877],[52.37219821],[75.23339432],[50.51411836],[43.62065535],[30.58526223],[29.84862225],[46.72227485],[42.88919582],[115.22526539]
136,[39.08773717],[130.20315552],[51.85391445],[75.83154813],[51.17619285],[44.50350562],[30.71169747],[30.01171244],[47.38434279],[43.37023196],[115.57672723]
137,[38.95079157],[129.90215973],[52.16061273],[74.93730223],[50.69958011],[45.07343008],[30.58086922],[29.95921321],[46.62770425],[43.26589151],[115.93464481]
138,[38.84589112],[129.68856797],[51.76887286],[74.47610966],[50.69795619],[45.02897641],[30.54343196],[29.87157346],[45.86835673],[42.47429535],[115.62816201]
139,[38.28480508],[129.8726047],[51.96213061],[74.91162055],[49.46068629],[44.91398814],[30.36856525],[29.67504585],[45.85547632],[42.56921927],[114.63933356]
140,[37.97929261],[126.70618912],[52.03454657],[75.86551105],[49.94472924],[46.10840619],[30.42701432],[29.84075399],[45.9773651],[42.37169001],[114.38180173]
141,[37.81536909],[126.78199241],[52.09199547],[76.55882746],[50.19348799],[45.10100301],[28.87841287],[28.38768747],[46.13721982],[39.03781527],[111.63257882]
142,[37.74384915],[128.21945724],[52.6716389],[76.49166728],[48.64092417],[45.83195073],[29.05758469],[28.53291035],[45.83514965],[36.3746388],[111.28641715]
143,[37.75342973],[128.76217247],[52.60956196],[76.01343398],[49.98433514],[46.14081246],[29.0877098],[28.50106233],[46.68841685],[36.8448978],[112.1758379]
144,[37.65207565],[128.21778376],[53.06655616],[75.60093285],[49.53943754],[47.0659934],[28.43986948],[28.10515715],[46.63622815],[36.31073674],[111.62118695]
145,[37.29512654],[128.16266373],[52.28403458],[75.50414413],[49.24272522],[46.84310399],[28.27708909],[28.00282707],[46.40798572],[36.31924449],[112.34870047]
146,[37.62494912],[129.20734215],[52.18765423],[75.53280471],[49.65042911],[47.99200153],[27.8619982],[27.64968431],[46.34337227],[34.82338871],[109.66686804]
147,[37.50909652],[128.1932866],[51.5935313],[74.99432251],[49.10869151],[45.57510475],[28.52344811],[28.31285611],[46.0562312],[34.49420846],[109.59481998]
148,[37.44884703],[128.0020722],[50.89079853],[74.42655456],[49.06508994],[46.19723976],[27.93915938],[27.89742491],[45.83429963],[34.54785498],[109.77727844]
149,[37.85018531],[127.98455559],[51.83671186],[75.69685566],[49.61169506],[46.65194747],[27.76213099],[27.71936197],[45.36799316],[33.65373741],[109.2418004]
150,[37.56931007],[127.5527246],[51.8549263],[76.87422145],[49.58998334],[45.63832938],[27.31177858],[27.08862183],[45.31282278],[33.88573097],[108.17412026]
151,[37.60752869],[127.9385706],[49.94233283],[71.95615701],[48.28667921],[43.76967702],[26.83889153],[26.77499481],[44.46017228],[33.5435206],[106.33151702]
152,[37.69831483],[126.77172708],[49.83373679],[72.10892616],[48.45056794],[44.57294783],[26.86060963],[26.77011425],[45.03962747],[33.98532721],[106.76540629]
153,[37.73044],[127.23798604],[50.45533409],[72.77887461],[49.0719464],[44.08128831],[27.09179612],[27.01520227],[45.43145399],[35.20578426],[107.68644236]
154,[38.0490215],[127.07009966],[50.13916535],[73.29173841],[49.21190362],[42.86592415],[27.26787889],[27.012954],[45.48205168],[35.13568897],[107.81635823]
155,[38.36452964],[126.91555701],[50.58992599],[73.48962886],[49.47393275],[40.69454107],[26.74945408],[26.55300999],[45.41340259],[34.22296605],[107.12647162]
156,[38.50574435],[127.95445142],[50.51353853],[72.86275843],[48.88677417],[40.7474865],[26.86532352],[26.65423325],[45.04265482],[34.72352988],[107.70140636]
157,[38.79115861],[129.44059127],[51.17833639],[73.6317684],[47.78517338],[39.75630343],[27.29017218],[27.17460755],[45.32202782],[34.80790009],[107.24906608]
158,[39.01552268],[129.54388859],[51.04897189],[73.69810648],[48.01127088],[38.96036447],[27.02741032],[26.96221879],[45.33410852],[35.10990129],[108.48230417]
159,[38.50621413],[128.9202738],[50.67805766],[73.06691917],[48.2942525],[38.91617427],[27.06921297],[26.98479666],[46.21282384],[34.97810961],[108.38947069]
160,[38.55683873],[129.72446857],[50.58211579],[72.28445188],[48.60369871],[38.46198103],[27.08647645],[26.85611663],[46.62489137],[34.71352297],[107.93547724]
161,[39.98697541],[130.07608307],[51.6553185],[73.76091008],[49.31672432],[39.9023858],[27.80210004],[27.49955701],[46.49450964],[35.29035723],[108.23324716]
162,[39.53839359],[130.68703822],[51.42960208],[73.37295496],[48.51046474],[39.07269376],[27.91941145],[27.57782827],[46.39707975],[35.15110022],[107.14047172]
163,[39.7004505],[130.7667749],[51.13833633],[73.88160519],[48.49645808],[38.96779164],[27.75146646],[27.38602647],[46.39923476],[35.1736862],[106.57258827]
164,[39.45446446],[131.00351933],[50.44460374],[73.60086261],[47.37068084],[37.9737872],[27.51277967],[27.19294059],[46.4643471],[34.9907089],[105.54986019]
165,[39.47860692],[130.22108621],[50.54533264],[73.96435434],[46.21812149],[37.26512812],[27.55016584],[27.16044441],[46.49647292],[34.77731189],[106.00860658]
166,[39.13591195],[128.1277514],[51.61592879],[76.0808028],[46.64859438],[37.29753321],[27.38554013],[26.9986294],[46.1783905],[35.23754559],[104.43942993]
167,[38.7944241],[128.78352918],[52.87146917],[78.35662416],[47.38244697],[37.44509808],[28.17964065],[27.6804086],[46.71529436],[35.32626318],[105.76125299]
168,[38.73905368],[128.91691917],[53.25900234],[78.87744017],[48.86174937],[37.73479072],[28.71648779],[28.12633613],[47.21183658],[36.09132995],[107.16592462]
169,[39.01508145],[129.46466197],[53.29634981],[78.98543608],[48.6980211],[38.72186064],[28.07266257],[27.69337361],[46.44480603],[35.44675839],[106.61788421]
170,[38.95327199],[130.25574741],[53.26570537],[78.91269725],[47.31487893],[38.55181071],[27.62033225],[27.1479347],[46.64158261],[34.83354091],[106.1992254]
171,[39.23735125],[130.86968281],[53.13910039],[78.61620488],[47.23479883],[37.8401009],[27.6904161],[27.35557177],[46.67156068],[34.90648957],[105.87315954]
172,[38.01188178],[130.21518474],[53.51424432],[78.48268839],[47.35501391],[37.85331895],[27.42715803],[27.10068557],[46.66289636],[35.00092867],[105.47669944]
173,[37.57602587],[132.72929618],[53.99611488],[79.06928481],[47.62465933],[36.06573895],[27.82433419],[27.4589209],[46.52653466],[35.4134782],[105.46054002]
174,[37.88511754],[133.03309182],[53.33985146],[78.19584986],[45.92967595],[35.91661637],[27.16556327],[26.7362239],[45.93992966],[34.05503747],[103.99519263]
175,[37.72862256],[131.91652366],[52.516342],[77.72192018],[43.88746568],[35.74886872],[27.2747078],[26.87988625],[45.39189652],[34.6058738],[104.88790415]
176,[37.06008447],[131.61903692],[52.19574674],[77.17149692],[44.17230301],[35.70233899],[26.94178391],[26.59507743],[45.43128166],[33.96563459],[104.30175813]
177,[37.25554977],[132.42203762],[52.25085483],[76.62579046],[44.57712606],[36.8572568],[27.19128573],[26.93622078],[45.41548004],[34.10882068],[104.46302882]
178,[37.69272177],[133.60108906],[52.63324781],[77.51126093],[45.7550073],[36.64157176],[28.02398591],[27.57885256],[45.73605129],[35.08551179],[105.68266444]
179,[36.98204463],[131.48490976],[53.01555911],[78.68362852],[45.29712189],[36.41599122],[27.59999787],[27.22576369],[44.79806308],[35.33027704],[105.41104762]
180,[37.35942801],[131.49061741],[54.58934823],[80.82038541],[45.59368362],[38.10186378],[28.12910269],[27.76809528],[44.81838771],[35.00464489],[106.9329966]
181,[36.12721198],[129.06000089],[55.05640497],[80.60993856],[45.56354202],[38.04067786],[28.13571351],[27.67435396],[44.41506613],[34.24423076],[105.66569167]
182,[35.81854473],[129.28049461],[54.91415308],[80.26886551],[46.42325546],[38.13286481],[28.33933705],[27.88143548],[44.69686513],[33.46751398],[106.2059691]
183,[35.59358733],[128.4119381],[56.175075],[81.55562034],[46.90544386],[38.41804406],[28.50593871],[28.09354398],[44.96856246],[34.12440848],[107.46565211]
184,[34.97267914],[128.80315134],[55.8136548],[81.54382643],[46.66772183],[37.79539124],[28.34517796],[27.93146443],[44.64757427],[32.83340811],[105.60920366]
185,[34.1521924],[126.35470821],[55.86743352],[81.10042962],[46.18801017],[36.56734147],[27.94809672],[27.53729556],[43.45313308],[33.11329941],[103.39779956]
186,[33.49221471],[126.83160513],[56.17612335],[81.38917842],[46.19553942],[36.57558484],[27.88713341],[27.5407058],[43.48120108],[33.10474415],[103.29305167]
187,[33.31041808],[127.02305253],[56.00440456],[82.39140554],[46.3521801],[36.15813004],[28.27822121],[27.80738008],[43.25190909],[34.0116956],[103.66607055]
188,[33.11320881],[125.96851339],[55.52955398],[81.8471856],[45.73788201],[36.33855687],[28.0973377],[27.72952078],[42.88712525],[34.06096422],[104.10462366]
189,[33.37979896],[124.62648522],[55.56540111],[82.30322298],[46.2491266],[37.23933401],[28.66044238],[28.29803545],[43.1666791],[34.47669281],[104.56618105]
190,[33.49780635],[123.94894177],[55.70476331],[82.52230821],[45.71195269],[38.00754887],[27.54268998],[27.40048297],[43.50550952],[34.40581463],[104.30641338]
191,[33.54819895],[124.58578217],[55.33831608],[82.34368771],[46.20949166],[38.07440353],[27.75792515],[27.56745339],[43.54136012],[34.89980143],[105.1012028]
192,[33.46231383],[124.7188244],[55.37486105],[82.81563207],[45.81295198],[37.94758325],[27.33666811],[27.17928179],[43.62334779],[35.25686412],[104.7760998]
193,[33.32854872],[124.57794071],[54.74210648],[82.67820162],[46.12801941],[38.26298823],[27.38639329],[27.22918403],[43.35657057],[35.40113104],[105.76057413]
194,[33.86409958],[123.92233864],[54.9581106],[82.81644119],[46.49330085],[39.61218828],[27.63042164],[27.43739216],[43.45144027],[36.18752996],[106.83810003]
195,[33.74029442],[123.75204616],[54.58189826],[82.75874014],[46.57917738],[37.84740271],[27.78145222],[27.59859562],[44.23750942],[35.7658036],[107.35373905]
196,[33.846178],[125.2907765],[54.65931495],[82.74811552],[46.16234858],[37.4338702],[27.84171876],[27.6515648],[44.24058072],[36.02357364],[107.0816893]
197,[33.8342328],[123.89627888],[54.71134093],[83.88070444],[46.15005723],[37.2171435],[27.67019018],[27.49239284],[43.65452523],[36.14051693],[106.9190402]
198,[34.16639025],[124.64118037],[55.7234573],[85.04428593],[47.24229823],[38.86735301],[27.91326458],[27.68741529],[43.95984518],[34.86754103],[106.35838219]
199,[33.81783505],[122.27047936],[54.71303289],[85.47178463],[46.62090227],[38.98757655],[28.15752608],[27.88959751],[44.45648094],[34.33394723],[106.96805769]
200,[34.34330671],[124.26324874],[55.05381275],[82.79145441],[46.31766928],[38.45817379],[29.61237766],[29.16839744],[47.89485238],[35.52153718],[110.11338462]
201,[34.23875063],[122.49954063],[55.246075],[82.85171243],[40.9078276],[39.30901103],[29.35315601],[28.89176797],[47.9152307],[35.56306796],[110.00867336]
202,[34.22031089],[123.22191773],[54.96039907],[83.10667791],[41.04324484],[39.05068423],[29.12449154],[28.73078694],[48.29380671],[34.86519814],[109.94283762]
203,[33.82980183],[121.64119787],[55.76523634],[83.51958508],[41.60245189],[37.27745258],[29.18101952],[28.84538437],[48.85491687],[35.53663217],[110.4806572]
204,[34.23938346],[121.4892051],[55.45767982],[82.90180818],[42.41719241],[37.46353755],[28.66779662],[28.28298005],[48.39757239],[33.86827222],[108.48864003]
205,[34.31870983],[121.61614372],[53.45018137],[82.40589459],[41.27070839],[37.82955454],[28.82188834],[28.53644755],[48.58797686],[35.14961279],[109.17535232]
206,[33.95437807],[121.44208581],[53.95228324],[82.89767297],[41.09693849],[39.50037918],[28.44292046],[28.03917014],[48.9552255],[29.79655983],[107.69788207]
207,[34.18415224],[121.39453997],[48.64200565],[82.91085249],[39.69217434],[39.46957199],[28.04331955],[27.75940116],[48.6410966],[30.97982328],[107.07289566]
208,[34.41194774],[121.60833999],[48.29037005],[81.98874535],[39.08420428],[40.50854807],[27.89296132],[27.49770619],[48.14132571],[29.9506948],[102.91665356]
209,[34.04411615],[121.13235376],[46.72518067],[79.86641863],[38.5811706],[39.65428543],[27.87024419],[27.47113532],[48.03327143],[30.11374463],[101.3884905]
210,[34.78622788],[120.64072029],[46.79870369],[79.31306237],[38.9168588],[42.21912424],[28.21097964],[27.8293545],[48.09647331],[30.66130202],[102.19880346]
211,[34.88496065],[121.67718753],[47.77087898],[80.19759049],[39.56593206],[41.48054854],[28.20643182],[27.76853129],[48.79504253],[30.12901384],[101.67070582]
212,[34.85447581],[122.28377756],[47.83546559],[80.40568478],[39.46070238],[40.61843888],[27.85669908],[27.46370258],[48.4618019],[30.04626967],[101.85334042]
213,[35.12100371],[122.3294052],[48.00800851],[80.01341967],[39.36338316],[40.04883119],[27.97549395],[27.53534591],[48.36962974],[29.72819294],[102.30864619]
214,[34.73281694],[122.23977608],[46.90933485],[77.76510672],[38.22796607],[39.25068956],[27.33598386],[26.89615718],[47.86338656],[29.12558546],[101.38385597]
215,[34.46786103],[121.45824969],[46.96595077],[77.83887885],[38.03857476],[39.84975355],[27.27330798],[26.81699515],[47.73682594],[28.51788543],[100.74055314]
216,[34.53896873],[122.66359359],[46.65429021],[77.69200492],[37.50909744],[40.44019593],[27.34462894],[26.85275615],[48.14365352],[28.03701005],[101.17523159]
217,[34.53514433],[122.50271011],[47.17708091],[79.05895227],[38.83138569],[41.05424972],[27.43357958],[26.98959907],[48.37831691],[28.4345344],[102.83629641]
218,[34.21071558],[122.29548897],[47.08070532],[79.06544042],[38.54838542],[41.26476445],[27.15707766],[26.67762012],[48.23821559],[28.56070091],[101.58149415]
219,[33.24217962],[120.97213689],[47.60592418],[78.84762541],[38.0094969],[43.33472177],[27.09438545],[26.60891778],[48.27418781],[28.60579712],[101.56084531]
220,[33.20367349],[121.56492392],[48.00662618],[78.76517559],[38.27669408],[41.71154094],[27.22953124],[26.6908403],[48.71413353],[29.15466323],[102.36386121]
221,[32.60393365],[122.39136618],[47.54942924],[78.4316506],[38.35358492],[41.91255629],[27.24500135],[26.75767399],[48.62778343],[29.35373729],[102.55136908]
222,[32.45749388],[122.43810189],[46.69042879],[77.56207802],[38.67702926],[41.65075926],[27.34816435],[26.90273698],[48.48989934],[29.21010682],[102.67220087]
223,[32.75508502],[122.23395729],[47.01707215],[78.21688769],[38.91550077],[42.62636591],[27.4350911],[26.99102572],[48.10028771],[29.05792303],[102.86477725]
224,[32.4547453],[123.27081645],[46.8167929],[78.33754557],[39.24505653],[42.64861526],[27.57900882],[27.08776761],[47.99053023],[28.50042693],[101.13629135]
225,[32.85128236],[123.28503952],[47.83675732],[79.01882226],[39.4851055],[42.70889899],[27.48082199],[26.97129642],[47.9255513],[28.46996266],[101.52785889]
226,[33.68010368],[122.9227487],[47.33593056],[76.30420234],[39.47267627],[44.51681671],[26.58345364],[26.11806042],[47.35415811],[27.30427484],[101.62695134]
227,[34.18561081],[120.37314517],[47.93683363],[76.15875028],[39.89835174],[44.34139125],[26.42596739],[25.97358024],[46.86898033],[28.2489348],[101.58527779]
228,[34.29496621],[119.65679996],[46.79075927],[74.77468635],[39.83710239],[45.78141683],[25.76749484],[25.36933855],[46.17817215],[27.03949432],[97.09358931]
229,[34.4656675],[118.23758155],[47.08328168],[75.33776886],[39.40692911],[45.03058582],[25.80939241],[25.41519512],[46.1207099],[27.28609781],[97.08509255]
230,[34.75470043],[119.6360039],[47.60765861],[77.12514386],[40.16619116],[44.47757854],[26.04686457],[25.64261626],[46.29647228],[27.09184356],[97.14458346]
231,[34.81686031],[120.57179891],[48.51452483],[78.29990707],[40.4234949],[44.75363327],[25.90982943],[25.48084351],[46.79910687],[27.0596411],[98.11454971]
232,[34.71593429],[120.02094381],[48.70063805],[78.53533461],[40.93117096],[44.44534563],[26.58754415],[26.1306371],[47.21796879],[27.89610728],[99.13716785]
233,[34.48342441],[120.6757425],[48.32032921],[78.31378182],[41.28140485],[42.87344005],[26.47242508],[25.9642382],[47.15538102],[27.23969333],[97.89596488]
234,[35.03106968],[121.16088048],[48.50186147],[79.77693879],[41.31691662],[43.847908],[27.0525245],[26.64438495],[47.85980479],[27.66027962],[98.51575242]
235,[34.88840026],[121.91266227],[48.87467841],[80.96105797],[41.30899451],[43.59591925],[26.4737965],[26.00673111],[48.12530234],[27.19920409],[98.0392454]
236,[34.14462478],[121.7347869],[49.48286243],[81.23865775],[41.90375483],[43.54484924],[26.69635921],[26.27521044],[49.39715696],[27.09078145],[98.44237177]
237,[33.73159286],[120.23165055],[50.15757886],[82.37082777],[42.55354466],[43.82185133],[26.828817],[26.3155482],[49.47635348],[27.68180452],[99.27919531]
238,[33.50110196],[118.15119041],[50.45498994],[82.77487314],[42.13521083],[44.25377719],[26.76551964],[26.34876223],[48.93042427],[27.30199023],[98.88859125]
239,[33.19176956],[117.58933028],[50.52384458],[82.96065709],[42.5501726],[44.32000438],[26.87415799],[26.41639178],[49.89234651],[27.61878474],[98.62390991]
240,[33.4810339],[117.5993646],[50.82684206],[82.74855423],[42.94723702],[41.13711533],[27.0960986],[26.58166965],[50.01581159],[27.82276141],[99.56522372]
241,[33.35306311],[117.71564267],[51.46250307],[82.97277106],[43.37537996],[41.02332968],[26.94586087],[26.42131627],[49.50575295],[27.51024583],[98.60925567]
242,[33.31782714],[116.49573393],[51.8690813],[84.4107718],[43.17376375],[41.94283192],[27.30970613],[26.7486208],[49.43632198],[27.89714008],[99.30129388]
243,[33.94686217],[116.91291213],[51.30665162],[84.6285364],[42.37536721],[40.45385025],[26.54908496],[26.01811165],[49.4829886],[27.75680504],[98.03925362]
244,[33.72580555],[117.70270169],[51.92896394],[84.38911081],[42.5055568],[40.32995611],[26.3887223],[25.81703786],[49.50353402],[27.7920164],[98.58446082]
245,[33.30908777],[117.0535451],[52.13440781],[84.57423042],[42.02222634],[40.94230215],[26.56077481],[25.99242193],[49.33257647],[27.31878028],[99.94304836]
246,[33.43582212],[115.53908605],[52.40124257],[85.82568094],[42.73465161],[41.86648157],[26.63371679],[26.03130805],[49.86361004],[27.50770731],[100.8429883]
247,[33.9966163],[117.14656185],[52.53536036],[85.58144283],[43.05212281],[43.34066901],[27.10246861],[26.45672149],[49.90270117],[28.09365215],[100.60286482]
248,[34.06837282],[117.58277248],[52.56056788],[86.06901182],[43.22751276],[43.60084697],[26.93578078],[26.300982],[49.7667609],[27.18834465],[100.0351667]
249,[34.02922208],[115.44985256],[53.02027769],[86.30020164],[43.23925095],[41.54255993],[26.98827028],[26.46737311],[48.75538077],[27.12163588],[99.98777595]
250,[33.4536437],[115.36619287],[52.98974808],[86.11098116],[43.119065],[41.97751029],[26.55838722],[25.95861121],[49.07788394],[25.24339125],[99.55170559]
251,[33.76047444],[116.5279107],[53.13612221],[86.51919677],[43.49384424],[41.01396443],[26.76015467],[26.14293317],[49.17589525],[25.5725886],[99.64176852]
252,[33.82205553],[117.89643817],[52.83964244],[86.42172808],[43.68100388],[40.28464131],[26.1037459],[25.48207584],[48.86820715],[25.09827793],[98.59081431]
253,[34.56957046],[117.49298471],[52.7060541],[86.37139079],[44.05828821],[39.38734395],[26.14915549],[25.51163966],[48.25648807],[24.52892067],[96.9511779]
254,[34.2761544],[118.48849717],[52.71538324],[85.35209137],[44.33166457],[39.36990817],[26.48822347],[25.78103889],[47.85858261],[26.02634938],[97.45414132]
255,[34.46530645],[118.25450174],[52.87102471],[85.66093005],[44.59515302],[39.65159143],[26.69498987],[26.10183856],[48.11513725],[26.15458168],[98.2284981]
256,[34.22092297],[118.32546392],[52.38237956],[84.11794041],[44.50578126],[40.31898924],[26.88200946],[26.22003249],[48.41750443],[26.56202492],[98.51030528]
257,[34.12384377],[117.31119916],[52.79841128],[85.33636146],[44.54741649],[39.94589968],[27.15528391],[26.55308881],[48.63323079],[25.68338605],[98.33475447]
258,[33.77833546],[115.64336911],[53.00271725],[85.75018543],[44.41653151],[40.42445304],[27.34963591],[26.66769299],[49.18125507],[26.51399914],[98.9892294]
259,[33.93628699],[113.48740568],[53.30014455],[86.70200403],[45.38535026],[40.27289862],[27.48628291],[26.82458733],[49.5483562],[26.59704677],[99.37950011]
260,[34.21833887],[112.59898223],[53.45911751],[86.37964217],[44.5455168],[39.71102635],[26.68560595],[26.02388269],[48.97800602],[26.25260229],[98.69552349]
261,[34.14683838],[112.10840307],[54.14219603],[86.3934773],[44.8126362],[39.22145324],[26.22384932],[25.57215094],[48.92346411],[25.56011561],[98.28009495]
262,[33.90920933],[112.47665774],[53.92330804],[85.70885298],[44.30228946],[37.53511849],[26.10095469],[25.3989045],[48.69689287],[25.41258575],[97.75473698]
263,[33.39760591],[113.55342587],[54.19776297],[84.58987582],[44.76649902],[37.67291523],[26.31537006],[25.70428152],[48.93260891],[25.22747799],[98.61370251]
264,[33.73532757],[112.43725944],[54.28711553],[85.50296757],[44.19867312],[36.99372421],[26.42411037],[25.76689083],[48.84368745],[24.58565924],[98.39048605]
265,[33.55438995],[111.23171326],[53.94605279],[85.04280932],[43.85001415],[37.27602494],[26.39377027],[25.76003249],[47.7976818],[24.17085368],[98.09695604]
266,[34.13898922],[112.48086704],[53.56715381],[84.83164227],[44.01600578],[37.40242087],[26.14113121],[25.4442078],[47.83113906],[23.96176841],[97.82957225]
267,[34.09981381],[112.18290093],[53.85664926],[83.82953091],[43.99140025],[37.84741662],[25.9677528],[25.36941244],[47.86913584],[24.76562138],[99.0477283]
268,[33.82946521],[111.53386951],[55.77977532],[86.031223],[38.91442283],[38.43299613],[25.79840418],[25.1425458],[47.4771782],[23.25535984],[98.38685608]
269,[33.91642238],[110.7421817],[54.66809074],[85.76183438],[39.14112985],[38.8626479],[24.97778683],[24.46678922],[47.33929111],[23.26676724],[98.68381749]
270,[33.79353299],[111.96681296],[53.35759025],[84.0952691],[39.51897368],[30.19239399],[27.6802292],[26.89562501],[45.52377027],[24.74521998],[101.65482842]
271,[33.96249081],[113.29601399],[52.75036976],[83.62452378],[39.37848937],[31.34526207],[28.64366473],[28.0295509],[45.03062764],[24.68487436],[102.66891059]
272,[34.7909367],[114.1270561],[52.13491233],[83.53289902],[39.1805098],[31.24075279],[28.90025924],[28.14902046],[44.87239146],[24.87753435],[104.8548235]
273,[34.79447093],[115.31706845],[52.19399161],[83.39859336],[39.30982861],[30.79910325],[28.46192401],[27.71927948],[44.80258038],[24.61030961],[104.61677238]
274,[35.80457104],[114.57337543],[52.03896619],[83.07275727],[39.06863244],[29.67166714],[27.95094165],[27.21958781],[44.0664503],[24.4638522],[102.93021917]
275,[35.14316013],[113.44220898],[51.8551138],[82.81704675],[38.5645411],[30.51675771],[28.70927359],[27.92074603],[44.06084408],[24.54913719],[103.58268109]
276,[35.59819824],[114.87512274],[51.54622017],[83.3252384],[39.02769046],[30.28294726],[29.30492863],[28.56018518],[44.78533831],[23.57887094],[103.52893019]
277,[35.73721198],[114.45360603],[51.64705032],[83.81689481],[39.19678709],[30.52631572],[31.15572406],[30.44343655],[45.45609207],[26.23485855],[103.53631147]
278,[35.77000696],[115.30442148],[51.98463115],[84.77213335],[38.93388722],[30.40643698],[30.61414322],[29.85233502],[46.1863891],[26.00401795],[102.82918644]
279,[35.51509982],[116.91256827],[51.71645346],[85.20495101],[38.91721316],[32.79707823],[30.8573543],[30.07708521],[46.14862683],[27.31568024],[103.01396521]
280,[35.52848455],[116.15194524],[51.7085146],[85.01570313],[39.44781919],[34.19837907],[30.52187726],[29.8290645],[47.15005947],[26.51128573],[102.7818257]
281,[35.48125405],[116.38440797],[51.82465243],[84.98147284],[39.0343617],[34.1473652],[30.48842064],[29.81128921],[47.0517387],[26.23026738],[102.70512646]
282,[35.94544921],[116.76800868],[51.35382946],[85.31256099],[39.87265384],[34.3199751],[30.37786339],[29.68989838],[47.7228409],[26.46513959],[102.85180643]
283,[36.41827064],[117.46387615],[52.67151682],[87.08287668],[41.09584066],[34.73766595],[30.86189623],[30.1553007],[48.85644397],[26.98076728],[103.45082543]
284,[37.14700661],[119.06738081],[53.59593724],[88.47284383],[41.52786008],[34.5740877],[32.08967531],[31.25918948],[50.04311076],[28.42282439],[105.32608627]
285,[37.2671586],[119.77755075],[53.69929888],[88.37524274],[42.53733889],[34.56625131],[31.93174656],[31.14097041],[50.93299587],[28.21707276],[104.83037812]
286,[37.4276827],[120.47547723],[53.60611222],[88.29034508],[42.22662201],[34.24648414],[32.16435288],[31.43985312],[51.31676888],[28.35943519],[105.23901047]
287,[37.92910741],[123.04492918],[53.571013],[90.1533438],[42.75231716],[34.72301907],[33.02834846],[32.21102396],[51.82478658],[29.11762912],[110.25347296]
288,[37.17118318],[122.94411461],[52.99833904],[88.35802866],[41.8656368],[34.34647455],[32.98940942],[32.46802338],[50.95695574],[28.84351001],[107.11482705]
289,[37.08477617],[122.1461925],[52.98305587],[87.76871874],[41.74447815],[34.36783761],[33.20096829],[32.68325321],[50.70885781],[28.90221005],[105.49976224]
290,[37.30841827],[119.75226672],[53.6364765],[88.46210542],[42.6092127],[34.39104344],[34.13464942],[33.69436918],[50.42955554],[29.58992038],[105.06124762]
291,[37.26929106],[120.20540025],[53.78248053],[89.49968994],[42.13716166],[34.47407283],[33.30625439],[32.97338378],[51.17590899],[29.19634155],[104.1073093]
292,[37.21343299],[118.60267784],[53.65533407],[89.11343726],[41.56225271],[35.27097301],[33.65859824],[33.27323408],[51.84636967],[29.43519102],[107.15050079]
293,[37.54955904],[116.47405978],[53.66108645],[89.59424512],[41.11736435],[35.07016048],[34.03931166],[33.51219657],[53.26791352],[29.5092702],[107.54610254]
294,[37.33855842],[117.29044778],[52.80139761],[87.88260295],[40.99162365],[34.65085659],[32.81024045],[32.42897389],[52.86878377],[29.46339006],[107.69811405]
295,[37.00316653],[117.37783493],[52.46116837],[86.64863547],[40.17743532],[34.42827469],[34.81104891],[34.12914834],[52.30673178],[29.66298075],[110.54614793]
296,[37.78409543],[118.50454106],[51.38113814],[88.25178393],[41.18550433],[35.01756336],[34.92293388],[34.14317499],[52.70433465],[30.19522427],[111.12924227]
297,[37.77614392],[119.56352904],[50.90282788],[88.96934537],[41.31285502],[35.42840973],[35.30568875],[34.61488157],[53.41980542],[30.61053127],[111.02356128]
298,[37.92968048],[120.60342023],[50.80556813],[88.74962478],[41.20817552],[34.71177408],[34.93870124],[34.24944547],[52.80957416],[30.87950075],[111.68776819]
299,[38.12260463],[120.4135786],[51.03553425],[88.35989045],[41.02229986],[34.38086355],[34.30881228],[33.9038119],[52.69843857],[31.1330339],[109.50019976]
300,[37.85559572],[120.27741957],[51.07181533],[90.37090807],[41.53365294],[34.70920884],[35.07874212],[34.4813074],[53.04464865],[31.71635229],[109.60543814]
301,[38.08276664],[120.66982041],[50.76609579],[90.66402756],[41.35495739],[34.55141023],[35.22987813],[34.70446966],[53.26312738],[32.17710485],[108.65390863]
302,[38.22871938],[121.35732529],[50.65996591],[89.98049369],[41.75473459],[34.45785083],[34.67716706],[34.24133314],[53.19473092],[31.78946938],[108.24453997]
303,[38.06156737],[121.89474752],[50.74090553],[89.71003344],[41.72606122],[34.47120035],[34.49359457],[34.10243337],[53.27458793],[30.89057574],[107.78194988]
304,[38.04290653],[120.25298421],[50.87470604],[89.8302979],[41.93713994],[34.46532939],[34.4770257],[34.06572445],[53.45696035],[30.75349512],[107.86828506]
305,[37.69214898],[120.62360008],[50.56065826],[89.32086199],[42.07229309],[34.40778622],[34.56818375],[34.15582789],[52.92288081],[30.74762051],[107.61623155]
306,[37.54535327],[119.14772339],[50.16159813],[88.90707593],[42.46946297],[34.72574559],[35.81496489],[35.29442861],[53.54935688],[31.17015406],[111.95682016]
307,[37.36241359],[117.17134951],[50.49329737],[89.83733975],[42.31614655],[34.93397509],[36.52032087],[35.89531296],[52.40827541],[29.8330556],[112.31673479]
308,[37.95941069],[118.34724202],[51.38690211],[90.56500039],[43.41131657],[34.87602352],[36.83184519],[36.180083],[52.58897304],[29.5323399],[112.28184193]
309,[38.04425982],[118.31163367],[51.88066483],[91.00957636],[43.33714117],[34.67618084],[36.67937829],[36.27063325],[52.45374896],[29.00105934],[111.3984383]
310,[37.48031636],[119.42952904],[51.99544748],[91.75779421],[43.70487433],[34.62902744],[36.2345601],[35.85026663],[52.45042627],[29.15350777],[109.77909158]
311,[37.3994488],[116.77433308],[52.34929176],[93.1953443],[43.15936739],[34.55099372],[36.53218951],[36.16789844],[51.49138635],[28.97803193],[109.96522402]
312,[36.89326107],[114.99883522],[53.02355161],[94.45780826],[42.36833443],[34.44232301],[35.62072325],[35.33531946],[51.68866042],[29.1253466],[109.5438462]
313,[36.80081953],[112.69858699],[53.49996692],[95.24992101],[43.43802382],[35.23596359],[36.22781523],[35.83032264],[52.143292],[30.82332376],[111.19190827]
314,[36.73998769],[113.12204697],[53.32496166],[96.88546476],[44.02452458],[36.52599184],[36.67060043],[36.29185475],[51.86815308],[33.8108554],[112.61424177]
315,[36.7799169],[114.28720709],[51.78411983],[95.63976894],[45.15497176],[35.85916921],[36.37873948],[35.89076193],[51.57947602],[31.15073119],[110.72389444]
316,[37.24759764],[116.7002216],[52.51201505],[96.31364111],[43.21432627],[35.82404562],[37.0436236],[36.42986108],[51.72301263],[32.02879184],[111.95701711]
317,[37.14017095],[115.28955634],[52.96769786],[95.41842808],[44.24620239],[35.59209062],[36.17039021],[35.71463786],[51.58422414],[33.83589604],[110.25653571]
318,[37.73986754],[115.37147073],[53.43569815],[96.20504688],[43.55682412],[35.44708481],[36.69754825],[36.30820725],[51.90826711],[33.25579043],[110.68437353]
319,[37.75586035],[116.88259719],[53.90152615],[96.61833805],[43.84717317],[37.15096685],[37.20109453],[36.83833561],[53.53647921],[33.98474438],[111.1439585]
320,[37.69793643],[117.98972247],[53.58644833],[96.61124243],[44.00282327],[36.28857654],[37.59960545],[37.25902409],[53.26495246],[33.23310692],[110.48520312]
321,[37.59969516],[119.63072319],[54.08968966],[96.97126822],[45.38903888],[36.22929326],[37.94241579],[37.44685399],[54.21542301],[33.10916358],[110.60512093]
322,[38.06523631],[123.40100333],[53.99132009],[95.88051267],[45.01102628],[36.43094291],[38.14327618],[37.68236348],[54.32960653],[33.55984023],[110.54359982]
323,[38.49381448],[122.29682459],[54.77671308],[98.30354732],[45.53649848],[36.81339463],[38.80914146],[38.29960297],[54.84522073],[34.04548157],[112.26957612]
324,[38.16964923],[119.59000424],[54.40889249],[97.04137359],[45.22021677],[36.2562012],[38.71810088],[38.13653536],[54.089804],[33.64490284],[111.59066698]
325,[37.84118892],[118.41800601],[49.57684302],[95.77781387],[45.15874421],[34.82878452],[38.48307588],[37.90093175],[53.9312115],[32.87146937],[110.12571962]
326,[38.04495965],[117.22867194],[47.91951203],[96.43114035],[45.24923441],[34.59961285],[36.89797168],[36.51361988],[54.08361635],[33.39398026],[108.58224688]
327,[37.64859269],[118.00501392],[48.39332755],[97.33602034],[45.57135246],[34.61853898],[37.02675113],[36.728325],[54.36425295],[33.11847095],[110.52924065]
328,[36.71944811],[116.26120976],[47.60173341],[94.40471315],[44.51786069],[34.30109232],[36.7236691],[36.23181853],[52.89356463],[32.15899847],[108.84367247]
329,[35.70526093],[111.86180813],[45.92930005],[89.83172682],[41.95077668],[35.80869306],[36.30465886],[35.76467111],[50.29807611],[31.15660142],[104.8626471]
330,[35.81627455],[114.02518156],[46.2265378],[91.4606135],[41.7221262],[40.88768911],[36.73902476],[36.33358963],[50.81879649],[31.20936931],[106.21878859]
331,[35.95373966],[112.60811473],[46.24496253],[90.8723921],[41.57466631],[41.10826538],[36.09617472],[35.7627716],[51.11228782],[30.41258746],[104.77616119]
332,[35.46369741],[111.76540984],[44.22033679],[86.02281781],[40.97693648],[39.95433715],[34.6152446],[34.21033978],[48.85311431],[32.8092244],[101.72082336]
333,[35.53730416],[111.20628381],[44.64128307],[87.3611659],[40.37674518],[38.17052601],[35.5463265],[35.03484315],[49.71246422],[32.71776028],[103.27865803]
334,[35.72539726],[113.80413972],[44.58793777],[88.69427245],[41.45007811],[37.79476603],[36.39939264],[35.90469234],[50.15349745],[32.89621657],[103.3528602]
335,[35.4694585],[112.68744571],[45.21430873],[88.58009846],[41.1186453],[39.89477312],[36.69282886],[36.31185472],[50.11319185],[33.01114368],[104.47899269]
336,[36.34793141],[115.72086747],[46.84569932],[91.66856599],[42.9619324],[42.43011395],[36.84975378],[36.54255821],[49.60384534],[33.89389451],[105.28147089]
337,[36.23548821],[116.09071805],[46.64285786],[92.53744717],[44.01743366],[43.26225725],[37.41454643],[36.97764521],[50.20723068],[33.40627314],[106.45207275]
338,[36.03555128],[114.53106207],[46.90163761],[92.29673481],[43.66768057],[42.54327858],[37.14362277],[36.62954875],[48.88885345],[33.97979976],[105.93915923]
339,[35.69645447],[111.79946218],[46.9241324],[91.3991611],[43.60710713],[42.352084],[37.04451393],[36.5505641],[47.89327226],[32.88406657],[104.98646769]
340,[35.99054149],[112.86690327],[46.57061465],[90.02739539],[43.38478915],[41.68151281],[37.11986191],[36.68447477],[47.82542956],[32.92435082],[105.12591865]
341,[36.29493689],[113.78370994],[47.49340663],[91.43691027],[44.24760659],[42.30492195],[38.02091061],[37.61339259],[48.33213928],[33.6909524],[107.24476839]
342,[36.50030518],[114.50693511],[47.54749847],[92.54261043],[44.92675571],[41.39921943],[38.78943585],[38.35989166],[49.07995999],[33.82228997],[109.94066947]
343,[36.09103291],[110.86460376],[46.14038977],[92.80094753],[42.23162663],[39.99674797],[36.87515063],[36.51521482],[47.63754796],[33.28849368],[103.17893157]
344,[36.40554384],[111.43797989],[45.69499427],[92.17625758],[41.03086053],[39.66698276],[35.93707362],[35.57716046],[47.93864994],[33.07602184],[102.6609887]
345,[36.894683],[112.63377847],[45.44280153],[91.89530048],[42.20952069],[39.69396498],[36.30195398],[35.84539518],[48.29731197],[34.06489843],[102.70136398]
346,[37.76400261],[113.30078255],[46.41764395],[93.59792814],[43.65469806],[41.95728777],[36.77827528],[36.27056889],[48.7785701],[34.20748066],[103.69480109]
347,[38.21665658],[112.92702551],[47.13555269],[95.83605576],[44.29283288],[42.34472511],[37.54127345],[37.01948986],[48.82680428],[34.18046517],[105.32782421]
348,[37.70162574],[111.75204818],[47.06862736],[96.07393451],[44.29008552],[42.51447401],[36.95320756],[36.4564485],[48.85068804],[33.56551994],[103.57222831]
349,[37.98042212],[112.05978526],[46.82871604],[96.45046663],[44.35131187],[42.37623894],[37.19682897],[36.80516927],[49.03192699],[32.77709602],[104.06494759]
350,[38.11399152],[112.00835503],[47.84494088],[98.83185864],[45.51442805],[43.07538139],[37.64940429],[37.11169198],[49.03751956],[32.67871113],[104.6230217]
351,[38.05401481],[113.07854048],[46.97270861],[98.14930514],[45.07999224],[43.160301],[38.03201719],[37.54424672],[48.80046411],[32.76919899],[105.21107506]
352,[38.01432639],[112.93434712],[47.09783971],[97.42796337],[44.52139136],[42.23357412],[37.40056223],[36.8476267],[48.6369932],[32.75932706],[103.77701899]
353,[37.4726882],[111.09304009],[46.89033368],[95.90310175],[44.11490193],[44.01156839],[37.67025498],[37.21674325],[48.44871398],[32.5905568],[103.91156982]
354,[36.4096414],[110.90268948],[46.93273203],[95.3504754],[43.80099075],[43.7613498],[37.14595784],[36.68881836],[48.28022871],[32.78980913],[103.19507603]
355,[36.69062387],[112.10259722],[47.34720552],[97.58009218],[44.58987483],[43.72495544],[37.20911769],[36.70494296],[48.55774887],[31.53950845],[102.98922694]
356,[36.40620733],[111.17089641],[47.07826465],[96.45191066],[43.92449773],[42.61720616],[36.74637001],[36.21954563],[48.29517598],[31.34615416],[101.55896013]
357,[36.39654256],[110.05339549],[47.20263801],[96.65761957],[44.10937005],[41.77839464],[36.74906342],[36.24136641],[47.64702979],[30.90014447],[101.44435843]
358,[35.32650079],[108.41268647],[47.21020952],[96.91121558],[44.8773931],[41.53451284],[36.83996298],[36.28645633],[47.24274848],[31.28946013],[101.89271562]
359,[35.49319247],[107.57221449],[45.63938771],[91.5054229],[43.20256154],[40.07208903],[36.77442323],[36.20827089],[46.87133551],[30.54053516],[100.70940862]
360,[35.55921423],[104.80059749],[43.99459469],[87.2737102],[42.01344272],[39.94987844],[36.13776324],[35.48762903],[46.24180313],[30.10644356],[98.65696369]
361,[36.35502812],[105.57046446],[46.19422564],[89.57902544],[42.77689379],[41.91764189],[37.00761985],[36.53600805],[47.06079197],[30.03066163],[100.70607483]
