,Date,Gold_Open,Gold_Close,Platinum_Open,Platinum_Close,Palladium_Open,Palladium_Close
0,2013-12-31,1201.5,,1358.0,,711.0,
1,2014-01-02,1219.75,1225.0,1387.0,1388.0,723.0,723.0
2,2014-01-03,1232.25,1234.5,1407.0,1404.0,730.0,728.0
3,2014-01-06,1238.0,1246.25,1400.0,1409.0,728.0,733.0
4,2014-01-07,1237.5,1227.5,1409.0,1414.0,736.0,737.0
5,2014-01-08,1226.5,1221.0,1406.0,1405.0,735.0,735.0
6,2014-01-09,1226.0,1226.0,1414.0,1415.0,737.0,736.0
7,2014-01-10,1232.25,1244.25,1421.0,1425.0,736.0,737.0
8,2014-01-13,1246.0,1248.0,1434.0,1436.0,740.0,740.0
9,2014-01-14,1248.75,1251.5,1429.0,1433.0,736.0,737.0
10,2014-01-15,1238.0,1236.0,1415.0,1416.0,733.5,734.0
11,2014-01-16,1237.25,1241.5,1418.0,1424.0,738.0,741.0
12,2014-01-17,1241.0,1250.0,1435.0,1447.0,743.0,747.0
13,2014-01-20,1254.75,1255.75,1466.0,1470.0,748.0,749.0
14,2014-01-21,1247.75,1238.0,1456.0,1444.0,746.0,743.0
15,2014-01-22,1239.5,1241.0,1449.0,1458.0,744.0,747.0
16,2014-01-23,1244.25,1263.0,1452.0,1454.0,747.0,746.0
17,2014-01-24,1259.25,1267.0,1450.0,1443.0,743.0,745.0
18,2014-01-27,1270.0,1260.5,1429.0,1421.0,732.0,731.0
19,2014-01-28,1253.5,1251.25,1420.0,1418.0,723.0,722.0
20,2014-01-29,1254.75,1264.0,1405.0,1416.0,717.0,720.0
21,2014-01-30,1254.0,1242.5,1397.0,1388.0,715.5,713.0
22,2014-01-31,1246.5,1251.0,1383.0,1382.0,706.0,707.0
23,2014-02-03,1246.5,1262.0,1386.0,1386.0,708.0,710.0
24,2014-02-04,1253.0,1250.25,1381.0,1374.0,703.0,702.0
25,2014-02-05,1257.0,1254.5,1382.0,1383.0,711.0,717.0
26,2014-02-06,1258.5,1256.5,1379.0,1380.0,711.0,714.0
27,2014-02-07,1260.0,1259.25,1385.0,1379.0,714.0,711.0
28,2014-02-10,1273.5,1277.0,1389.0,1390.0,716.0,721.0
29,2014-02-11,1282.75,1282.0,1391.0,1380.0,721.0,719.0
30,2014-02-12,1286.5,1289.5,1392.0,1403.0,722.0,722.0
31,2014-02-13,1290.25,1296.0,1395.0,1397.0,726.0,725.0
32,2014-02-14,1308.5,1320.0,1422.0,1426.0,734.0,740.0
33,2014-02-17,1326.0,1327.5,1425.0,1429.0,737.0,739.0
34,2014-02-18,1314.0,1320.75,1422.0,1424.0,733.0,736.0
35,2014-02-19,1318.75,1320.5,1418.0,1424.0,738.0,738.0
36,2014-02-20,1313.75,1316.25,1413.0,1413.0,733.0,736.0
37,2014-02-21,1320.75,1323.25,1419.0,1422.5,737.0,739.0
38,2014-02-24,1333.0,1334.75,1429.0,1430.0,739.0,741.0
39,2014-02-25,1332.75,1339.0,1433.0,1435.0,738.0,739.0
40,2014-02-26,1340.0,1331.75,1439.0,1432.5,736.0,733.0
41,2014-02-27,1331.0,1332.25,1427.0,1447.0,733.0,743.0
42,2014-02-28,1327.75,1326.5,1444.0,1455.0,741.0,746.0
43,2014-03-03,1344.25,1349.5,1452.0,1454.0,748.0,747.0
44,2014-03-04,1339.5,1334.75,1450.0,1449.0,747.0,749.0
45,2014-03-05,1333.5,1337.0,1464.0,1481.0,768.0,778.0
46,2014-03-06,1334.25,1345.25,1475.0,1484.0,774.0,780.0
47,2014-03-07,1348.25,1335.25,1481.0,1474.0,776.0,776.0
48,2014-03-10,1334.25,1344.0,1468.0,1476.0,773.0,774.5
49,2014-03-11,1348.0,1346.25,1481.0,1483.0,777.5,778.0
50,2014-03-12,1355.75,1366.0,1458.5,1473.0,764.0,772.0
51,2014-03-13,1371.0,1368.75,1475.0,1476.0,775.0,776.0
52,2014-03-14,1370.0,1385.0,1474.0,1478.0,776.0,780.0
53,2014-03-17,1379.0,1378.5,1475.0,1474.0,775.0,772.0
54,2014-03-18,1362.5,1355.75,1457.0,1454.0,768.0,762.5
55,2014-03-19,1346.0,1338.0,1458.0,1454.0,768.0,768.0
56,2014-03-20,1327.0,1327.0,1438.0,1436.0,756.5,754.0
57,2014-03-21,1338.5,1336.0,1437.0,1439.0,776.0,789.0
58,2014-03-24,1322.0,1310.75,1433.0,1433.0,796.0,792.5
59,2014-03-25,1314.75,1313.5,1433.0,1432.0,787.5,789.0
60,2014-03-26,1314.5,1304.0,1421.5,1411.0,784.0,782.0
61,2014-03-27,1295.0,1296.0,1406.0,1404.0,764.0,766.0
62,2014-03-28,1295.75,1294.75,1404.0,1401.0,765.0,771.0
63,2014-03-31,1294.0,1291.75,1422.0,1418.0,777.0,778.0
64,2014-04-01,1286.5,1283.75,1424.0,1429.0,771.0,778.5
65,2014-04-02,1284.0,1292.0,1429.0,1434.0,779.0,787.5
66,2014-04-03,1287.25,1284.0,1439.0,1436.0,783.0,788.0
67,2014-04-04,1293.5,1297.25,1440.0,1444.0,788.0,789.0
68,2014-04-07,1299.0,1299.0,1434.0,1435.0,783.0,785.0
69,2014-04-08,1314.75,1309.5,1437.0,1437.0,775.0,775.0
70,2014-04-09,1309.75,1301.75,1439.0,1435.0,776.0,775.0
71,2014-04-10,1321.5,1320.5,1449.0,1455.0,784.0,790.0
72,2014-04-11,1317.25,1318.0,1456.0,1454.0,788.0,794.0
73,2014-04-14,1324.5,1325.75,1464.0,1466.0,810.0,813.0
74,2014-04-15,1311.5,1298.0,1449.0,1435.0,796.0,791.0
75,2014-04-16,1299.0,1301.5,1439.0,1442.0,798.0,800.0
76,2014-04-17,1299.25,1299.0,1435.0,1437.0,797.0,801.0
77,2014-04-22,1290.75,1286.75,1410.0,1403.0,784.0,787.0
78,2014-04-23,1283.5,1285.25,1404.0,1400.0,784.0,786.0
79,2014-04-24,1283.5,1291.5,1400.0,1394.0,785.0,787.0
80,2014-04-25,1294.25,1301.25,1412.0,1418.0,804.0,805.0
81,2014-04-28,1302.0,1299.0,1428.0,1428.0,810.0,812.0
82,2014-04-29,1289.75,1297.75,1414.0,1424.0,797.0,799.5
83,2014-04-30,1292.0,1288.5,1421.0,1424.0,803.0,803.0
84,2014-05-01,1283.0,1278.5,1417.0,1412.0,812.0,815.0
85,2014-05-02,1285.0,1281.25,1424.0,1425.0,814.0,816.0
86,2014-05-06,1308.5,1306.25,1448.0,1450.0,814.0,817.0
87,2014-05-07,1311.0,1296.0,1452.0,1443.0,816.0,810.0
88,2014-05-08,1291.25,1287.0,1437.0,1435.0,803.0,805.0
89,2014-05-09,1289.0,1291.25,1431.0,1429.0,803.0,804.0
90,2014-05-12,1292.75,1298.75,1431.0,1440.0,803.0,807.0
91,2014-05-13,1292.75,1296.5,1443.0,1453.0,807.0,814.0
92,2014-05-14,1300.25,1305.25,1466.0,1472.5,822.0,823.0
93,2014-05-15,1303.75,1299.0,1473.5,1471.0,824.0,821.0
94,2014-05-16,1293.75,1291.5,1461.0,1464.0,808.0,816.0
95,2014-05-19,1301.0,1302.0,1479.0,1483.0,819.0,822.0
96,2014-05-20,1291.5,1295.5,1469.0,1469.0,817.0,820.0
97,2014-05-21,1292.0,1287.25,1479.0,1474.0,828.0,828.0
98,2014-05-22,1294.5,1298.5,1477.0,1492.0,829.0,837.0
99,2014-05-23,1292.0,1291.5,1484.0,1483.0,835.0,828.0
100,2014-05-27,1283.0,1275.5,1473.0,1467.0,831.0,834.0
101,2014-05-28,1265.25,1263.5,1462.0,1455.0,841.0,838.0
102,2014-05-29,1254.0,1255.0,1452.0,1447.0,836.0,830.0
103,2014-05-30,1254.0,1250.5,1457.0,1464.0,831.0,836.0
104,2014-06-02,1244.75,1247.25,1440.0,1437.0,834.0,833.0
105,2014-06-03,1244.25,1242.75,1436.0,1431.0,834.0,834.0
106,2014-06-04,1246.0,1245.25,1421.0,1422.0,833.0,834.0
107,2014-06-05,1244.75,1252.5,1429.0,1440.0,834.0,839.0
108,2014-06-06,1254.0,1247.5,1453.0,1453.0,841.0,840.0
109,2014-06-09,1255.0,1253.5,1452.0,1449.0,844.0,844.0
110,2014-06-10,1253.5,1259.5,1462.0,1478.0,844.0,851.0
111,2014-06-11,1262.5,1262.0,1476.0,1483.0,853.0,856.0
112,2014-06-12,1261.75,1265.75,1468.0,1438.0,858.0,831.0
113,2014-06-13,1273.0,1273.0,1447.0,1437.0,825.0,816.0
114,2014-06-16,1281.75,1276.25,1436.0,1441.0,812.0,814.0
115,2014-06-17,1264.5,1267.5,1431.0,1427.0,811.0,810.0
116,2014-06-18,1269.0,1269.75,1447.0,1451.0,825.0,827.0
117,2014-06-19,1282.0,1293.0,1455.0,1459.0,827.0,830.0
118,2014-06-20,1310.0,1312.5,1462.0,1456.0,829.0,829.0
119,2014-06-23,1313.5,1313.5,1448.0,1453.0,814.0,817.0
120,2014-06-24,1323.0,1318.5,1465.0,1469.0,827.0,828.0
121,2014-06-25,1312.0,1316.75,1458.0,1459.0,825.0,826.0
122,2014-06-26,1311.5,1311.75,1460.0,1466.0,828.0,835.0
123,2014-06-27,1315.25,1317.5,1474.0,1479.0,837.0,839.0
124,2014-06-30,1313.0,1315.0,1481.0,1480.0,843.0,844.0
125,2014-07-01,1325.75,1327.5,1486.0,1497.0,845.0,849.0
126,2014-07-02,1326.75,1326.5,1509.0,1511.0,854.0,855.0
127,2014-07-03,1322.5,1317.5,1506.0,1502.0,856.0,855.0
128,2014-07-04,1321.5,1319.25,1500.0,1503.0,860.0,866.0
129,2014-07-07,1313.25,1313.0,1498.0,1501.0,864.0,868.0
130,2014-07-08,1318.25,1323.0,1493.0,1499.0,868.0,871.0
131,2014-07-09,1322.5,1322.75,1499.0,1504.0,871.0,873.0
132,2014-07-10,1343.25,1340.25,1511.0,1512.0,873.0,866.0
133,2014-07-11,1336.5,1335.0,1507.0,1506.0,867.0,867.0
134,2014-07-14,1321.25,1306.0,1498.0,1494.0,872.0,868.0
135,2014-07-15,1312.0,1310.0,1496.0,1497.0,872.0,874.0
136,2014-07-16,1297.5,1301.0,1481.0,1479.0,869.0,869.0
137,2014-07-17,1302.75,1302.5,1492.0,1497.0,882.0,886.0
138,2014-07-18,1310.25,1307.25,1489.0,1497.0,877.0,881.0
139,2014-07-21,1312.75,1311.5,1492.0,1494.0,882.0,884.0
140,2014-07-22,1307.0,1310.25,1484.0,1487.0,870.0,872.0
141,2014-07-23,1307.5,1308.0,1485.0,1486.0,873.0,874.0
142,2014-07-24,1300.0,1292.75,1472.0,1469.0,870.0,869.0
143,2014-07-25,1292.5,1294.75,1471.0,1473.0,875.0,876.0
144,2014-07-28,1305.0,1304.5,1485.0,1486.0,885.0,884.0
145,2014-07-29,1307.5,1299.25,1488.0,1485.0,885.0,884.0
146,2014-07-30,1297.5,1294.5,1483.0,1480.0,881.0,878.0
147,2014-07-31,1295.0,1285.25,1476.0,1472.0,880.0,880.0
148,2014-08-01,1284.5,1291.25,1461.0,1462.0,872.0,871.0
149,2014-08-04,1293.5,1290.5,1467.0,1465.0,869.0,867.0
150,2014-08-05,1292.75,1284.75,1463.0,1454.0,855.0,843.0
151,2014-08-06,1288.5,1306.5,1455.0,1457.0,847.0,845.0
152,2014-08-07,1302.0,1305.25,1466.0,1466.0,855.0,852.0
153,2014-08-08,1317.5,1309.75,1481.0,1475.0,858.0,857.0
154,2014-08-11,1308.25,1307.25,1470.0,1471.0,860.0,864.0
155,2014-08-12,1311.0,1315.75,1471.0,1473.0,875.0,883.0
156,2014-08-13,1309.25,1312.0,1470.0,1471.0,877.0,881.0
157,2014-08-14,1315.0,1313.5,1472.0,1468.0,881.0,882.0
158,2014-08-15,1313.6,1296.0,1460.0,1446.0,885.0,878.0
159,2014-08-18,1302.75,1296.75,1454.0,1448.0,900.0,898.0
160,2014-08-19,1300.25,1296.5,1447.0,1443.0,895.0,896.0
161,2014-08-20,1294.5,1295.0,1432.0,1428.0,870.0,868.0
162,2014-08-21,1280.5,1275.25,1424.0,1419.0,870.0,877.0
163,2014-08-22,1281.0,1277.25,1423.0,1416.0,882.0,883.0
164,2014-08-26,1286.5,1286.0,1422.0,1423.0,886.0,888.0
165,2014-08-27,1285.0,1282.75,1421.0,1420.0,887.0,887.0
166,2014-08-28,1288.0,1292.0,1425.0,1428.0,897.0,898.0
167,2014-08-29,1285.75,1285.75,1424.0,1424.0,895.0,898.0
168,2014-09-01,1287.25,1286.5,1424.0,1423.0,909.0,911.0
169,2014-09-02,1277.75,1267.0,1418.0,1412.0,901.0,887.0
170,2014-09-03,1268.5,1265.5,1406.0,1408.0,876.0,874.0
171,2014-09-04,1271.0,1271.5,1412.0,1406.0,882.0,885.0
172,2014-09-05,1264.0,1266.0,1405.0,1406.0,887.0,887.0
173,2014-09-08,1267.25,1259.0,1410.0,1404.0,894.0,884.0
174,2014-09-09,1256.0,1255.75,1395.0,1395.0,881.0,886.0
175,2014-09-10,1254.25,1251.0,1385.0,1382.0,856.0,856.0
176,2014-09-11,1247.0,1241.25,1377.0,1378.0,848.0,846.0
177,2014-09-12,1237.25,1231.5,1364.0,1360.0,829.0,829.0
178,2014-09-15,1234.75,1234.25,1371.0,1368.0,845.0,841.0
179,2014-09-16,1238.75,1232.25,1369.0,1363.0,839.0,837.0
180,2014-09-17,1236.5,1236.0,1366.0,1365.0,844.0,842.0
181,2014-09-18,1223.0,1220.5,1350.0,1344.0,830.0,822.0
182,2014-09-19,1222.5,1219.75,1347.0,1344.0,827.0,823.0
183,2014-09-22,1214.0,1213.5,1331.0,1329.0,807.0,807.0
184,2014-09-23,1225.0,1222.0,1343.0,1337.0,816.0,811.0
185,2014-09-24,1224.0,1217.25,1335.0,1328.0,823.0,821.0
186,2014-09-25,1210.5,1213.75,1304.0,1310.0,801.0,807.0
187,2014-09-26,1222.25,1213.75,1314.0,1304.0,805.0,802.0
188,2014-09-29,1217.75,1219.5,1303.0,1306.0,786.0,786.0
189,2014-09-30,1210.0,1216.5,1307.0,1300.0,786.0,775.0
190,2014-10-01,1208.5,1216.5,1274.0,1277.0,769.0,771.0
191,2014-10-02,1214.5,1211.75,1279.0,1273.0,782.0,777.0
192,2014-10-03,1207.5,1195.0,1247.0,1249.0,770.0,763.0
193,2014-10-06,1193.25,1195.75,1217.0,1229.0,752.0,756.0
194,2014-10-07,1207.5,1210.5,1264.0,1259.0,770.0,778.0
195,2014-10-08,1220.0,1217.0,1277.0,1275.0,794.0,798.0
196,2014-10-09,1227.5,1226.75,1284.0,1282.0,804.0,809.0
197,2014-10-10,1222.25,1219.0,1265.0,1256.0,791.0,784.0
198,2014-10-13,1228.0,1229.0,1264.0,1257.0,788.0,784.0
199,2014-10-14,1233.0,1234.75,1272.0,1268.0,790.0,793.0
200,2014-10-15,1223.5,1237.5,1251.0,1257.0,788.0,787.0
201,2014-10-16,1241.0,1237.75,1254.0,1242.0,761.0,743.0
202,2014-10-17,1238.0,1234.25,1258.0,1259.0,754.0,753.0
203,2014-10-20,1241.0,1244.5,1268.0,1268.0,754.0,756.0
204,2014-10-21,1251.75,1250.25,1273.0,1281.0,763.0,771.0
205,2014-10-22,1246.75,1243.75,1273.0,1270.0,773.0,774.0
206,2014-10-23,1240.5,1232.75,1260.0,1261.0,765.0,773.0
207,2014-10-24,1231.75,1232.75,1254.0,1254.0,787.0,784.0
208,2014-10-27,1230.5,1228.75,1256.0,1253.0,781.0,788.0
209,2014-10-28,1228.25,1229.25,1258.0,1265.0,787.0,792.0
210,2014-10-29,1228.0,1223.5,1270.0,1269.5,796.0,798.0
211,2014-10-30,1205.75,1202.0,1253.0,1243.0,789.0,784.0
212,2014-10-31,1173.25,1164.25,1232.0,1227.0,779.0,784.0
213,2014-11-03,1170.75,1167.75,1237.0,1241.0,805.0,800.0
214,2014-11-04,1169.25,1166.5,1225.0,1228.0,799.0,798.0
215,2014-11-05,1145.25,1142.0,1200.0,1203.0,763.0,763.0
216,2014-11-06,1144.5,1145.0,1210.0,1193.0,760.0,755.0
217,2014-11-07,1145.0,1154.5,1195.0,1198.0,754.0,763.0
218,2014-11-10,1172.0,1162.0,1211.0,1209.0,770.0,772.0
219,2014-11-11,1151.25,1156.5,1196.0,1195.0,761.0,765.0
220,2014-11-12,1163.25,1164.5,1202.0,1204.0,774.0,776.0
221,2014-11-13,1161.0,1161.75,1202.0,1201.0,774.0,771.0
222,2014-11-14,1154.0,1169.0,1193.0,1178.0,767.0,760.0
223,2014-11-17,1187.0,1182.5,1205.0,1202.0,764.0,771.0
224,2014-11-18,1202.0,1192.75,1206.0,1205.0,772.0,774.0
225,2014-11-19,1200.75,1196.0,1206.0,1206.0,772.0,780.0
226,2014-11-20,1194.0,1190.0,1198.0,1204.0,767.0,770.0
227,2014-11-21,1193.25,1203.75,1216.0,1230.0,777.0,794.0
228,2014-11-24,1196.0,1197.5,1220.0,1222.0,789.0,795.0
229,2014-11-25,1202.25,1199.0,1217.0,1213.0,795.0,797.0
230,2014-11-26,1195.75,1197.5,1221.0,1221.0,795.0,798.0
231,2014-11-27,1196.5,1194.75,1221.0,1219.0,801.0,804.0
232,2014-11-28,1184.5,1182.75,1214.0,1205.0,804.0,809.0
233,2014-12-01,1178.75,1194.0,1198.0,1208.0,804.0,804.0
234,2014-12-02,1197.0,1195.0,1219.0,1220.0,799.0,804.0
235,2014-12-03,1203.25,1204.75,1224.0,1223.0,810.0,804.0
236,2014-12-04,1204.0,1209.0,1236.0,1239.0,799.0,798.0
237,2014-12-05,1204.5,1194.0,1236.0,1231.0,801.0,806.0
238,2014-12-08,1195.25,1193.0,1232.0,1231.0,805.0,803.0
239,2014-12-09,1206.5,1227.0,1232.0,1244.0,803.0,809.0
240,2014-12-10,1228.25,1229.0,1250.0,1241.0,815.0,815.0
241,2014-12-11,1219.5,1216.25,1238.0,1230.0,817.0,817.0
242,2014-12-12,1223.5,1217.0,1239.0,1231.0,817.0,818.0
243,2014-12-15,1210.75,1209.25,1220.0,1212.0,813.0,811.0
244,2014-12-16,1199.25,1202.5,1216.0,1217.0,801.0,803.0
245,2014-12-17,1199.0,1195.75,1201.0,1202.0,786.0,787.0
246,2014-12-18,1210.75,1199.0,1202.0,1205.0,785.0,791.0
247,2014-12-19,1197.5,1195.5,1199.0,1197.0,792.0,795.0
248,2014-12-22,1195.25,1195.25,1199.0,1195.0,806.0,810.0
249,2014-12-23,1179.5,1175.75,1188.0,1183.0,810.0,811.0
250,2014-12-24,1177.0,1175.75,1190.0,,809.0,
251,2014-12-29,1194.0,1185.5,1216.0,1214.0,813.0,812.0
252,2014-12-30,1186.5,1206.0,1207.0,1206.0,810.0,811.0
253,2014-12-31,1199.25,,1210.0,,798.0,
254,2015-01-02,1184.25,1172.0,1208.0,1193.0,796.0,791.0
255,2015-01-05,1192.0,1200.0,1210.0,1206.0,799.0,794.0
256,2015-01-06,1211.0,1210.25,1214.0,1213.0,797.0,798.0
257,2015-01-07,1213.75,1210.5,1221.0,1218.0,801.0,795.0
258,2015-01-08,1206.5,1215.5,1219.0,1221.0,790.0,791.0
259,2015-01-09,1211.25,1217.75,1221.0,1225.0,794.0,795.0
260,2015-01-12,1222.0,1226.5,1234.0,1233.0,805.0,806.0
261,2015-01-13,1239.0,1231.5,1243.0,1244.0,810.0,817.0
262,2015-01-14,1228.75,1235.0,1230.0,1242.0,789.0,795.0
263,2015-01-15,1235.25,1259.0,1237.0,1258.0,771.0,780.0
264,2015-01-16,1258.25,1277.5,1257.0,1262.0,773.0,757.0
265,2015-01-19,1275.5,1273.75,1265.0,1264.0,761.0,765.0
266,2015-01-20,1292.25,1288.75,1268.0,1267.0,768.0,778.0
267,2015-01-21,1298.0,1293.5,1281.0,1285.0,778.0,778.0
268,2015-01-22,1287.0,1295.75,1277.0,1279.0,765.0,766.0
269,2015-01-23,1293.5,1294.75,1277.0,1274.0,775.0,767.0
270,2015-01-26,1282.75,1281.25,1251.0,1256.0,767.0,772.0
271,2015-01-27,1279.0,1288.5,1257.0,1262.0,783.0,778.0
272,2015-01-28,1287.0,1288.0,1263.0,1257.0,787.0,787.0
273,2015-01-29,1275.5,1268.75,1243.0,1233.0,790.0,786.0
274,2015-01-30,1263.5,1260.25,1230.0,1221.0,783.0,775.0
275,2015-02-02,1274.25,1272.5,1226.0,1223.0,772.0,773.0
276,2015-02-03,1281.0,1264.25,1237.0,1228.0,794.0,792.0
277,2015-02-04,1269.25,1268.5,1236.0,1238.0,786.0,792.0
278,2015-02-05,1263.75,1259.25,1238.0,1235.0,790.0,788.0
279,2015-02-06,1264.0,1241.0,1255.0,1239.0,794.0,786.0
280,2015-02-09,1242.25,1238.5,1225.0,1215.0,783.0,778.0
281,2015-02-10,1237.5,1234.5,1217.0,1216.0,779.0,776.0
282,2015-02-11,1235.5,1223.75,1208.0,1200.0,770.0,771.0
283,2015-02-12,1225.25,1222.5,1202.0,1204.0,775.0,772.0
284,2015-02-13,1225.75,1232.5,1200.0,1201.0,778.0,786.0
285,2015-02-16,1233.5,1229.25,1211.0,1206.0,785.0,787.0
286,2015-02-17,1221.75,1209.5,1196.0,1192.0,782.0,786.0
287,2015-02-18,1206.5,1206.0,1174.0,1172.0,782.0,779.0
288,2015-02-19,1217.75,1209.5,1180.0,1170.0,776.0,781.0
289,2015-02-20,1203.5,1208.25,1157.0,1166.0,779.0,783.0
290,2015-02-23,1193.5,1204.5,1158.0,1163.0,775.0,783.0
291,2015-02-24,1195.5,1192.5,1158.0,1160.0,783.0,788.0
292,2015-02-25,1206.5,1204.75,1171.0,1166.0,804.0,803.0
293,2015-02-26,1220.0,1208.25,1189.0,1181.0,815.0,813.0
294,2015-02-27,1205.0,1214.0,1173.0,1177.0,805.0,808.0
295,2015-03-02,1216.75,1212.5,1182.0,1185.0,816.0,812.0
296,2015-03-03,1207.75,1212.75,1186.0,1185.0,825.0,831.0
297,2015-03-04,1204.25,1199.5,1180.0,1178.0,826.0,826.0
298,2015-03-05,1199.75,1202.0,1182.0,1186.0,830.0,828.0
299,2015-03-06,1196.5,1175.75,1177.0,1166.0,823.0,823.0
300,2015-03-09,1173.75,1168.5,1156.0,1152.0,821.0,823.0
301,2015-03-10,1161.0,1162.0,1135.0,1139.0,805.0,808.0
302,2015-03-11,1158.75,1150.0,1126.0,1123.0,802.0,797.0
303,2015-03-12,1161.25,1152.25,1125.0,1118.0,796.0,789.0
304,2015-03-13,1156.5,1152.0,1121.0,1115.0,795.0,791.0
305,2015-03-16,1157.0,1150.75,1115.0,1113.0,788.0,789.0
306,2015-03-17,1154.75,1150.75,1106.0,1099.0,777.0,765.0
307,2015-03-18,1149.0,1147.25,1093.0,1088.0,766.0,761.0
308,2015-03-19,1164.0,1166.0,1119.0,1115.0,774.0,770.0
309,2015-03-20,1171.75,1183.1,1122.0,1129.0,771.0,778.0
310,2015-03-23,1181.4,1186.25,1136.0,1141.0,775.0,778.0
311,2015-03-24,1193.25,1191.5,1143.0,1132.0,773.0,768.0
312,2015-03-25,1192.55,1195.6,1140.0,1146.0,768.0,765.0
313,2015-03-26,1209.4,1203.15,1157.0,1154.0,771.0,776.0
314,2015-03-27,1198.0,1195.75,1141.0,1138.0,760.0,748.0
315,2015-03-30,1187.4,1185.5,1129.0,1119.0,745.0,735.0
316,2015-03-31,1179.25,1187.0,1121.0,1129.0,734.0,729.0
317,2015-04-01,1181.25,1197.0,1136.0,1142.0,738.0,741.0
318,2015-04-02,1201.5,1198.5,1155.0,1154.0,747.0,751.0
319,2015-04-07,1208.5,1211.0,1167.0,1167.0,773.0,775.0
320,2015-04-08,1211.1,1207.25,1172.0,1169.0,769.0,764.0
321,2015-04-09,1196.0,1194.8,1160.0,1162.0,755.0,761.0
322,2015-04-10,1201.9,1207.35,1167.0,1171.0,767.0,777.0
323,2015-04-13,1197.85,1198.9,1157.0,1154.0,782.0,779.0
324,2015-04-14,1191.45,1194.75,1147.0,1147.0,757.0,760.0
325,2015-04-15,1189.85,1192.9,1147.0,1148.0,761.0,763.0
326,2015-04-16,1204.6,1204.35,1166.0,1167.0,769.0,776.0
327,2015-04-17,1204.55,1203.35,1164.0,1161.0,780.0,777.0
328,2015-04-20,1203.25,1196.5,1167.0,1150.0,777.0,773.0
329,2015-04-21,1197.7,1195.3,1150.0,1152.0,774.0,776.0
330,2015-04-22,1202.4,1189.25,1140.0,1138.0,768.0,766.0
331,2015-04-23,1187.75,1185.75,1130.0,1129.0,759.0,761.0
332,2015-04-24,1192.15,1183.0,1134.0,1128.0,772.0,774.0
333,2015-04-27,1182.75,1200.0,1116.0,1125.0,768.0,776.0
334,2015-04-28,1201.4,1209.0,1141.0,1144.0,773.0,771.0
335,2015-04-29,1204.8,1209.0,1153.0,1158.0,774.0,776.0
336,2015-04-30,1204.3,1180.25,1154.0,1136.0,781.0,779.0
337,2015-05-01,1179.0,1175.95,1139.0,1127.0,777.0,772.0
338,2015-05-05,1187.4,1197.0,1143.0,1156.0,782.0,794.0
339,2015-05-06,1191.25,1194.25,1143.0,1144.0,790.0,792.0
340,2015-05-07,1183.0,1187.0,1136.0,1130.0,790.0,789.0
341,2015-05-08,1185.25,1186.0,1138.0,1140.0,787.0,798.0
342,2015-05-11,1184.75,1189.25,1136.0,1132.0,792.0,783.0
343,2015-05-12,1184.45,1191.5,1128.0,1134.0,786.0,786.0
344,2015-05-13,1193.0,1210.5,1133.0,1143.0,787.0,786.0
345,2015-05-14,1214.75,1225.0,1149.0,1152.0,783.0,779.0
346,2015-05-15,1216.3,1220.5,1156.0,1158.0,783.0,785.0
347,2015-05-18,1228.15,1223.5,1166.0,1174.0,791.0,797.0
348,2015-05-19,1219.65,1214.3,1163.0,1155.0,784.0,784.0
349,2015-05-20,1206.75,1210.5,1152.0,1153.0,785.0,781.0
350,2015-05-21,1209.6,1205.0,1157.0,1146.0,778.0,776.0
351,2015-05-22,1211.0,1204.1,1158.0,1143.0,781.0,769.0
352,2015-05-26,1194.0,1185.4,1135.0,1127.0,782.0,779.0
353,2015-05-27,1187.85,1185.85,1128.0,1122.0,785.0,786.0
354,2015-05-28,1189.45,1185.0,1124.0,1115.0,788.0,784.0
355,2015-05-29,1190.4,1191.4,1114.0,1115.0,781.0,783.0
356,2015-06-01,1187.3,1199.9,1107.0,1109.0,777.0,773.0
357,2015-06-02,1188.75,1192.8,1105.0,1105.0,773.0,773.0
358,2015-06-03,1186.6,1190.0,1111.0,1109.0,766.0,764.0
359,2015-06-04,1182.45,1176.0,1107.0,1100.0,760.0,759.0
360,2015-06-05,1175.9,1164.6,1099.0,1092.0,757.0,751.0
361,2015-06-08,1173.4,1172.8,1097.0,1098.0,749.0,746.0
362,2015-06-09,1181.0,1177.4,1114.0,1109.0,750.0,746.0
363,2015-06-10,1186.0,1188.5,1113.0,1117.0,747.0,749.0
364,2015-06-11,1180.5,1178.5,1109.0,1108.0,741.0,746.0
365,2015-06-12,1179.25,1182.8,1098.0,1095.0,742.0,739.0
366,2015-06-15,1178.25,1181.4,1087.0,1077.0,733.0,734.0
367,2015-06-16,1182.1,1177.75,1088.0,1084.0,740.0,739.0
368,2015-06-17,1178.5,1178.0,1074.0,1073.0,730.0,731.0
369,2015-06-18,1198.0,1201.85,1092.0,1088.0,725.0,724.0
370,2015-06-19,1198.15,1203.4,1081.0,1085.0,718.0,718.0
371,2015-06-22,1193.7,1185.5,1072.0,1068.0,700.0,699.0
372,2015-06-23,1183.35,1178.0,1073.0,1061.0,702.0,693.0
373,2015-06-24,1175.75,1173.75,1070.0,1067.0,703.0,700.0
374,2015-06-25,1174.6,1172.65,1075.0,1075.0,695.0,679.0
375,2015-06-26,1174.4,1170.5,1077.0,1074.0,676.0,676.0
376,2015-06-29,1176.5,1176.0,1075.0,1081.0,671.0,673.0
377,2015-06-30,1175.0,1171.0,1083.0,1078.0,670.0,677.0
378,2015-07-01,1171.7,1168.0,1085.0,1082.0,687.0,699.0
379,2015-07-02,1164.3,1165.25,1079.0,1083.0,698.0,701.0
380,2015-07-03,1168.25,1167.95,1086.0,1082.0,691.0,685.0
381,2015-07-06,1164.25,1166.0,1064.0,1047.0,671.0,670.0
382,2015-07-07,1166.25,1156.25,1058.0,1046.0,679.0,661.0
383,2015-07-08,1154.25,1158.5,1015.0,1016.0,634.0,642.0
384,2015-07-09,1162.1,1164.25,1038.0,1032.0,657.0,654.0
385,2015-07-10,1162.4,1159.3,1033.0,1032.0,650.0,655.0
386,2015-07-13,1154.95,1154.0,1029.0,1023.0,650.0,661.0
387,2015-07-14,1153.2,1157.4,1028.0,1030.0,656.0,664.0
388,2015-07-15,1154.75,1147.4,1026.0,1019.0,654.0,652.0
389,2015-07-16,1145.1,1144.4,1007.0,1005.0,637.0,632.0
390,2015-07-17,1143.0,1132.8,1004.0,998.0,626.0,621.0
391,2015-07-20,1115.0,1104.6,983.0,981.0,611.0,609.0
392,2015-07-21,1108.0,1105.6,986.0,982.0,618.0,616.0
393,2015-07-22,1096.8,1088.6,968.0,964.0,619.0,615.0
394,2015-07-23,1101.65,1097.4,993.0,987.0,637.0,631.0
395,2015-07-24,1083.75,1080.8,978.0,979.0,623.0,616.0
396,2015-07-27,1098.6,1100.0,985.0,976.0,626.0,623.0
397,2015-07-28,1095.6,1096.2,980.0,976.0,617.0,617.0
398,2015-07-29,1096.75,1090.25,987.0,983.0,626.0,624.0
399,2015-07-30,1085.65,1087.5,985.0,984.0,621.0,621.0
400,2015-07-31,1080.05,1098.4,978.0,979.0,612.0,610.0
401,2015-08-03,1093.0,1091.9,977.0,971.0,613.0,622.0
402,2015-08-04,1092.6,1090.65,955.0,955.0,595.0,598.0
403,2015-08-05,1086.5,1085.1,950.0,951.0,596.0,597.0
404,2015-08-06,1085.0,1089.75,950.0,948.0,599.0,599.0
405,2015-08-07,1091.35,1093.5,953.0,946.0,602.0,602.0
406,2015-08-10,1094.8,1097.0,966.0,971.0,602.0,600.0
407,2015-08-11,1113.25,1108.25,994.0,983.0,618.0,613.0
408,2015-08-12,1116.8,1119.0,990.0,990.0,600.0,615.0
409,2015-08-13,1117.35,1116.75,991.0,988.0,616.0,619.0
410,2015-08-14,1116.75,1118.25,992.0,997.0,620.0,623.0
411,2015-08-17,1117.3,1118.8,995.0,990.0,618.0,613.0
412,2015-08-18,1119.15,1111.45,994.0,989.0,603.0,598.0
413,2015-08-19,1123.2,1126.15,994.0,993.0,593.0,602.0
414,2015-08-20,1137.95,1147.7,1016.0,1017.0,613.0,617.0
415,2015-08-21,1149.35,1156.5,1026.0,1028.0,606.0,610.0
416,2015-08-24,1153.5,1166.5,998.0,986.0,589.0,577.0
417,2015-08-25,1154.25,1137.5,983.0,994.0,549.0,558.0
418,2015-08-26,1134.4,1120.75,979.0,973.0,539.0,524.0
419,2015-08-27,1128.5,1119.0,989.0,990.0,545.0,548.0
420,2015-08-28,1125.5,1135.0,999.0,1003.0,563.0,573.0
421,2015-09-01,1141.9,1142.3,1008.0,1005.0,589.0,598.0
422,2015-09-02,1140.0,1137.75,1008.0,1007.0,571.0,584.0
423,2015-09-03,1130.05,1128.0,1012.0,1002.0,587.0,585.0
424,2015-09-04,1125.0,1118.25,1006.0,991.0,580.0,575.0
425,2015-09-07,1121.0,1119.5,990.0,986.0,581.0,582.0
426,2015-09-08,1120.85,1121.15,993.0,998.0,587.0,595.0
427,2015-09-09,1122.3,1109.85,1002.0,992.0,589.0,581.0
428,2015-09-10,1107.75,1109.5,988.0,987.0,584.0,591.0
429,2015-09-11,1106.35,1100.25,976.0,971.0,583.0,587.0
430,2015-09-14,1108.0,1104.8,956.0,952.0,590.0,589.0
431,2015-09-15,1105.5,1105.95,953.0,959.0,584.0,596.0
432,2015-09-16,1109.75,1117.6,960.0,964.0,597.0,598.0
433,2015-09-17,1118.15,1117.5,965.0,960.0,607.0,602.0
434,2015-09-18,1136.0,1141.5,977.0,988.0,609.0,611.0
435,2015-09-21,1136.85,1133.25,980.0,972.0,601.0,602.0
436,2015-09-22,1129.3,1122.9,964.0,946.0,607.0,595.0
437,2015-09-23,1124.6,1131.35,942.0,937.0,621.0,632.0
438,2015-09-24,1134.45,1154.5,942.0,935.0,643.0,650.0
439,2015-09-25,1145.5,1146.65,944.0,945.0,659.0,672.0
440,2015-09-28,1137.5,1131.05,926.0,922.0,655.0,651.0
441,2015-09-29,1124.6,1132.1,904.0,911.0,640.0,650.0
442,2015-09-30,1122.5,1114.0,924.0,908.0,667.0,661.0
443,2015-10-01,1114.2,1119.0,912.0,908.0,659.0,659.0
444,2015-10-02,1106.3,1140.75,899.0,912.0,688.0,694.0
445,2015-10-05,1134.35,1139.75,922.0,915.0,709.0,706.0
446,2015-10-06,1136.9,1147.5,919.0,931.0,698.0,701.0
447,2015-10-07,1147.9,1144.6,939.0,945.0,704.0,696.0
448,2015-10-08,1143.3,1140.0,933.0,934.0,693.0,694.0
449,2015-10-09,1151.5,1151.55,973.0,978.0,707.0,723.0
450,2015-10-12,1164.2,1164.9,986.0,993.0,713.0,711.0
451,2015-10-13,1154.4,1165.2,982.0,983.0,688.0,687.0
452,2015-10-14,1173.7,1173.9,992.0,990.0,687.0,688.0
453,2015-10-15,1183.35,1184.25,1003.0,988.0,701.0,708.0
454,2015-10-16,1176.35,1180.85,997.0,1007.0,698.0,703.0
455,2015-10-19,1171.65,1175.4,1011.0,1014.0,692.0,693.0
456,2015-10-20,1173.7,1177.75,1009.0,1013.0,683.0,691.0
457,2015-10-21,1174.4,1167.1,1013.0,1007.0,685.0,680.0
458,2015-10-22,1166.45,1167.0,1000.0,1000.0,672.0,672.0
459,2015-10-23,1171.55,1161.25,1011.0,1006.0,698.0,699.0
460,2015-10-26,1168.5,1166.4,986.0,993.0,681.0,685.0
461,2015-10-27,1165.75,1165.7,989.0,989.0,679.0,682.0
462,2015-10-28,1171.5,1179.6,997.0,1005.0,678.0,691.0
463,2015-10-29,1159.0,1148.6,996.0,993.0,672.0,673.0
464,2015-10-30,1147.75,1142.35,994.0,988.0,681.0,677.0
465,2015-11-02,1135.8,1134.0,974.0,973.0,659.0,655.0
466,2015-11-03,1130.9,1123.1,971.0,960.0,644.0,644.0
467,2015-11-04,1118.0,1114.7,961.0,971.0,648.0,648.0
468,2015-11-05,1107.3,1106.3,952.0,954.0,611.0,612.0
469,2015-11-06,1107.7,1088.9,952.0,939.0,610.0,606.0
470,2015-11-09,1095.6,1089.6,936.0,918.0,606.0,603.0
471,2015-11-10,1092.5,1087.1,911.0,903.0,611.5,601.0
472,2015-11-11,1088.6,1085.9,900.0,889.0,599.0,588.0
473,2015-11-12,1087.6,1087.4,884.0,879.0,582.0,567.0
474,2015-11-13,1083.75,1081.5,877.0,866.0,556.0,542.0
475,2015-11-16,1094.5,1084.75,865.0,862.0,541.0,543.0
476,2015-11-17,1080.8,1079.2,867.0,861.0,548.0,547.0
477,2015-11-18,1070.5,1067.75,851.0,844.0,546.0,544.0
478,2015-11-19,1073.1,1082.6,859.0,848.0,538.0,533.0
479,2015-11-20,1085.15,1081.75,864.0,858.0,545.0,551.0
480,2015-11-23,1068.35,1070.5,847.0,847.0,548.0,548.0
481,2015-11-24,1073.0,1076.4,840.0,840.0,537.0,537.0
482,2015-11-25,1072.2,1068.0,840.0,834.0,542.0,539.0
483,2015-11-26,1070.5,1071.0,851.0,850.0,551.0,558.0
484,2015-11-27,1064.65,1057.4,848.0,827.0,555.0,551.0
485,2015-11-30,1055.65,1061.9,829.0,831.0,548.0,538.0
486,2015-12-01,1069.25,1065.4,842.0,843.0,549.0,547.0
487,2015-12-02,1066.9,1055.4,843.0,834.0,538.0,529.0
488,2015-12-03,1050.6,1055.45,829.0,845.0,528.0,528.0
489,2015-12-04,1063.0,1079.25,852.0,859.0,542.0,542.0
490,2015-12-07,1082.7,1075.8,874.0,878.0,557.0,557.0
491,2015-12-08,1071.75,1072.1,863.0,852.0,551.0,558.0
492,2015-12-09,1078.4,1081.0,848.0,855.0,544.0,554.0
493,2015-12-10,1072.0,1071.0,860.0,857.0,554.0,556.0
494,2015-12-11,1067.2,1072.5,855.0,836.0,544.0,543.0
495,2015-12-14,1068.0,1068.25,843.0,854.0,549.0,547.0
496,2015-12-15,1069.15,1061.5,848.0,852.0,555.0,558.0
497,2015-12-16,1065.75,1075.25,865.0,876.0,566.0,573.0
498,2015-12-17,1065.85,1049.4,862.0,848.0,559.0,568.0
499,2015-12-18,1055.25,1062.5,842.0,852.0,546.0,553.0
500,2015-12-21,1071.15,1078.75,868.0,873.0,558.0,558.0
501,2015-12-22,1077.0,1074.9,878.0,869.0,557.0,558.0
502,2015-12-23,1071.5,1068.25,875.0,866.0,559.0,551.0
503,2015-12-24,1071.9,,874.0,,554.0,
504,2015-12-29,1067.25,1070.1,883.0,895.0,552.0,558.0
505,2015-12-30,1067.8,1060.0,888.0,868.0,554.0,555.0
506,2015-12-31,1062.25,,872.0,,547.0,
507,2016-01-04,1072.7,1082.25,878.0,893.0,547.0,550.0
508,2016-01-05,1078.0,1077.0,890.0,893.0,545.0,544.0
509,2016-01-06,1083.85,1091.4,885.0,873.0,532.0,519.0
510,2016-01-07,1096.0,1106.35,869.0,865.0,496.0,486.0
511,2016-01-08,1097.45,1101.85,876.0,874.0,498.0,505.0
512,2016-01-11,1104.7,1100.75,871.0,853.0,486.0,485.0
513,2016-01-12,1094.85,1085.4,837.0,843.0,465.0,470.0
514,2016-01-13,1081.8,1088.15,841.0,843.0,483.0,490.0
515,2016-01-14,1090.75,1088.4,846.0,835.0,483.0,485.0
516,2016-01-15,1081.1,1093.75,833.0,839.0,484.0,492.0
517,2016-01-18,1090.45,1089.2,826.0,816.0,490.0,495.0
518,2016-01-19,1087.0,1086.25,830.0,834.0,498.0,499.0
519,2016-01-20,1093.2,1101.75,822.0,820.0,488.0,486.0
520,2016-01-21,1096.8,1096.5,817.0,814.0,493.0,497.0
521,2016-01-22,1097.65,1096.25,824.0,833.0,504.0,507.0
522,2016-01-25,1103.7,1106.6,841.0,862.0,494.0,494.0
523,2016-01-26,1114.7,1113.6,862.0,867.0,491.0,500.0
524,2016-01-27,1116.5,1116.25,873.0,876.0,494.0,494.0
525,2016-01-28,1119.0,1114.0,884.0,883.0,500.0,499.0
526,2016-01-29,1112.9,1111.8,864.0,866.0,493.0,501.0
527,2016-02-01,1122.0,1126.5,865.0,867.0,495.0,502.0
528,2016-02-02,1123.6,1128.5,860.0,863.0,497.0,495.0
529,2016-02-03,1130.0,1132.0,862.0,861.0,498.0,493.0
530,2016-02-04,1146.25,1156.35,890.0,897.0,506.0,509.0
531,2016-02-05,1158.5,1150.35,911.0,899.0,517.0,509.0
532,2016-02-08,1173.4,1193.25,906.0,913.0,499.0,496.0
533,2016-02-09,1188.9,1191.0,925.0,932.0,515.0,517.0
534,2016-02-10,1183.4,1190.0,922.0,926.0,513.0,519.0
535,2016-02-11,1223.25,1241.0,939.0,948.0,523.0,521.0
536,2016-02-12,1239.5,1239.75,952.0,957.0,521.0,526.0
537,2016-02-15,1208.45,1208.2,936.0,938.0,519.0,516.0
538,2016-02-16,1212.0,1209.5,937.0,933.0,510.0,509.0
539,2016-02-17,1202.4,1210.0,936.0,939.0,511.0,513.0
540,2016-02-18,1204.4,1210.1,942.0,933.0,513.0,507.0
541,2016-02-19,1221.5,1231.15,939.0,941.0,501.0,507.0
542,2016-02-22,1203.65,1211.0,927.0,922.0,499.0,501.0
543,2016-02-23,1218.75,1221.35,926.0,929.0,499.0,498.0
544,2016-02-24,1232.25,1250.75,936.0,950.0,498.0,498.0
545,2016-02-25,1235.4,1236.0,940.0,930.0,491.0,487.0
546,2016-02-26,1231.0,1226.5,922.0,928.0,485.0,492.0
547,2016-02-29,1234.15,1234.9,920.0,919.0,491.0,494.0
548,2016-03-01,1240.0,1236.5,938.0,943.0,503.0,511.0
549,2016-03-02,1229.35,1239.2,938.0,931.0,518.0,517.0
550,2016-03-03,1241.95,1250.25,936.0,940.0,517.0,524.0
551,2016-03-04,1271.5,1277.5,959.0,960.0,541.0,550.0
552,2016-03-07,1267.6,1267.9,997.0,1002.0,559.0,571.0
553,2016-03-08,1274.1,1267.0,1002.0,1005.0,566.0,575.0
554,2016-03-09,1258.25,1246.4,978.0,980.0,556.0,564.0
555,2016-03-10,1247.25,1266.5,979.0,979.0,562.0,571.0
556,2016-03-11,1262.25,1264.75,976.0,974.0,569.0,576.0
557,2016-03-14,1256.55,1242.75,969.0,963.0,575.0,567.0
558,2016-03-15,1233.6,1232.0,952.0,956.0,559.0,566.0
559,2016-03-16,1233.1,1228.5,967.0,963.0,567.0,574.0
560,2016-03-17,1269.6,1266.5,983.0,988.0,585.0,589.0
561,2016-03-18,1254.5,1252.1,977.0,972.0,592.0,593.0
562,2016-03-21,1244.25,1244.9,966.0,978.0,586.0,600.0
563,2016-03-22,1251.8,1252.5,981.0,991.0,597.0,605.0
564,2016-03-23,1232.2,1217.6,985.0,960.0,596.0,580.0
565,2016-03-24,1216.45,1221.0,952.0,957.0,577.0,577.0
566,2016-03-29,1216.45,1226.0,945.0,948.0,568.0,566.0
567,2016-03-30,1238.2,1236.25,970.0,971.0,577.0,570.0
568,2016-03-31,1233.6,1237.0,970.0,976.0,570.0,569.0
569,2016-04-01,1232.1,1213.6,982.0,957.0,573.0,559.0
570,2016-04-04,1215.0,1219.75,949.0,954.0,559.0,559.0
571,2016-04-05,1231.5,1231.25,955.0,961.0,558.0,553.0
572,2016-04-06,1225.75,1221.4,956.0,942.0,553.0,542.0
573,2016-04-07,1237.5,1242.1,945.0,955.0,538.0,536.0
574,2016-04-08,1235.0,1239.5,956.0,957.0,542.0,537.0
575,2016-04-11,1247.25,1254.75,972.0,981.0,544.0,547.0
576,2016-04-12,1259.2,1254.6,997.0,990.0,554.0,546.0
577,2016-04-13,1245.75,1245.75,994.0,994.0,548.0,541.0
578,2016-04-14,1240.3,1233.85,991.0,993.0,541.0,555.0
579,2016-04-15,1229.75,1227.1,988.0,986.0,562.0,568.0
580,2016-04-18,1237.7,1234.3,982.0,978.0,561.0,565.0
581,2016-04-19,1241.7,1255.4,990.0,999.0,571.0,582.0
582,2016-04-20,1247.75,1252.0,1008.0,1018.0,582.0,592.0
583,2016-04-21,1257.65,1249.25,1026.0,1041.0,594.0,616.0
584,2016-04-22,1245.4,1243.25,1031.0,1028.0,607.0,611.0
585,2016-04-25,1230.85,1238.9,1008.0,1015.0,602.0,606.0
586,2016-04-26,1234.5,1241.7,1011.0,1005.0,598.0,597.0
587,2016-04-27,1244.75,1247.4,1016.0,1019.0,602.0,604.0
588,2016-04-28,1256.6,1256.0,1032.0,1040.0,609.0,617.0
589,2016-04-29,1274.5,1285.65,1060.0,1065.0,624.0,628.0
590,2016-05-03,1296.5,1294.0,1084.0,1081.0,620.0,617.0
591,2016-05-04,1280.3,1283.0,1056.0,1061.0,603.0,601.0
592,2016-05-05,1275.75,1280.25,1057.0,1064.0,602.0,607.0
593,2016-05-06,1280.25,1289.0,1061.0,1072.0,600.0,604.0
594,2016-05-09,1277.75,1265.25,1070.0,1053.0,598.0,591.0
595,2016-05-10,1264.85,1262.8,1046.0,1043.0,583.0,583.0
596,2016-05-11,1271.8,1276.85,1058.0,1067.0,596.0,605.0
597,2016-05-12,1268.3,1279.25,1058.0,1057.0,603.0,607.0
598,2016-05-13,1275.15,1265.9,1055.0,1042.0,595.0,592.0
599,2016-05-16,1281.0,1285.75,1053.0,1058.0,595.0,591.0
600,2016-05-17,1270.1,1277.0,1050.0,1042.0,588.0,582.0
601,2016-05-18,1270.9,1272.9,1039.0,1034.0,579.0,576.0
602,2016-05-19,1253.75,1246.25,1019.0,1010.0,572.0,565.0
603,2016-05-20,1256.5,1254.2,1019.0,1025.0,561.0,567.0
604,2016-05-23,1250.4,1245.9,1017.0,1007.0,552.0,549.0
605,2016-05-24,1242.65,1236.85,1007.0,1006.0,545.0,544.0
606,2016-05-25,1220.75,1220.6,997.0,994.0,533.0,523.0
607,2016-05-26,1226.65,1223.85,1001.0,1003.0,540.0,545.0
608,2016-05-27,1221.25,1216.25,993.0,984.0,543.0,546.0
609,2016-05-31,1210.5,1212.1,977.0,971.0,542.0,540.0
610,2016-06-01,1216.25,1214.5,974.0,976.0,543.0,546.0
611,2016-06-02,1215.5,1212.4,974.0,965.0,545.0,538.0
612,2016-06-03,1211.0,1240.5,960.0,979.0,539.0,554.0
613,2016-06-06,1240.55,1244.0,986.0,989.0,555.0,556.0
614,2016-06-07,1241.1,1241.0,992.0,986.0,556.0,550.0
615,2016-06-08,1252.4,1263.0,1007.0,1016.0,558.0,568.0
616,2016-06-09,1258.35,1263.9,1000.0,993.0,552.0,556.0
617,2016-06-10,1266.6,1275.5,992.0,996.0,553.0,554.0
618,2016-06-13,1284.1,1280.8,992.0,993.0,546.0,546.0
619,2016-06-14,1279.4,1287.15,983.0,985.0,540.0,540.0
620,2016-06-15,1282.0,1283.3,979.0,981.0,542.0,544.0
621,2016-06-16,1307.0,1310.75,984.0,985.0,539.0,540.0
622,2016-06-17,1284.5,1290.7,977.0,968.0,541.0,531.0
623,2016-06-20,1283.25,1281.8,975.0,978.0,544.0,543.0
624,2016-06-21,1280.8,1272.6,986.0,974.0,548.0,544.0
625,2016-06-22,1265.0,1264.85,981.0,980.0,551.0,557.0
626,2016-06-23,1265.75,1262.15,975.0,963.0,557.0,560.0
627,2016-06-24,1313.85,1315.5,976.0,987.0,548.0,548.0
628,2016-06-27,1324.6,1324.55,991.0,986.0,550.0,554.0
629,2016-06-28,1312.0,1309.7,979.0,975.0,561.0,568.0
630,2016-06-29,1317.75,1321.5,988.0,997.0,574.0,582.0
631,2016-06-30,1317.0,1320.75,1004.0,999.0,587.0,589.0
632,2016-07-01,1331.75,1340.0,1033.0,1039.0,593.0,598.0
633,2016-07-04,1348.75,1350.75,1055.0,1066.0,603.0,611.0
634,2016-07-05,1344.75,1350.75,1057.0,1063.0,595.0,604.0
635,2016-07-06,1370.0,1366.25,1071.0,1070.0,600.0,596.0
636,2016-07-07,1367.1,1356.7,1086.0,1086.0,608.0,608.0
637,2016-07-08,1356.1,1354.25,1077.0,1082.0,604.0,606.0
638,2016-07-11,1358.25,1357.1,1093.0,1087.0,615.0,621.0
639,2016-07-12,1352.85,1342.4,1100.0,1092.0,625.0,627.0
640,2016-07-13,1340.25,1342.75,1092.0,1091.0,638.0,640.0
641,2016-07-14,1325.7,1323.6,1081.0,1085.0,636.0,645.0
642,2016-07-15,1330.5,1327.0,1096.0,1092.0,647.0,645.0
643,2016-07-18,1326.15,1334.7,1085.0,1083.0,636.0,637.0
644,2016-07-19,1332.2,1330.9,1090.0,1086.0,643.0,648.0
645,2016-07-20,1325.6,1315.9,1083.0,1067.0,653.0,649.0
646,2016-07-21,1322.0,1321.15,1087.0,1089.0,668.0,676.0
647,2016-07-22,1323.2,1320.75,1094.0,1092.0,680.0,684.0
648,2016-07-25,1315.0,1313.15,1072.0,1068.0,674.0,682.0
649,2016-07-26,1321.25,1323.0,1087.0,1087.0,684.0,687.0
650,2016-07-27,1320.8,1329.0,1095.0,1105.0,686.0,694.0
651,2016-07-28,1341.3,1341.75,1149.0,1143.0,704.0,702.0
652,2016-07-29,1332.5,1342.0,1128.0,1143.0,695.0,707.0
653,2016-08-01,1348.85,1349.65,1150.0,1150.0,713.0,721.0
654,2016-08-02,1358.15,1363.75,1165.0,1175.0,714.0,720.0
655,2016-08-03,1364.4,1358.9,1163.0,1161.0,706.0,706.0
656,2016-08-04,1351.15,1362.75,1155.0,1157.0,708.0,711.0
657,2016-08-05,1362.6,1340.4,1161.0,1146.0,703.0,699.0
658,2016-08-08,1330.0,1336.8,1143.0,1149.0,692.0,695.0
659,2016-08-09,1332.9,1341.0,1144.0,1143.0,686.0,687.0
660,2016-08-10,1351.85,1347.7,1177.0,1182.0,731.0,730.0
661,2016-08-11,1344.55,1355.0,1175.0,1165.0,719.0,709.0
662,2016-08-12,1336.7,1352.2,1141.0,1146.0,692.0,694.0
663,2016-08-15,1339.2,1339.4,1123.0,1112.0,688.0,684.0
664,2016-08-16,1349.1,1344.0,1126.0,1124.0,698.0,701.0
665,2016-08-17,1342.75,1343.35,1115.0,1109.0,696.0,698.0
666,2016-08-18,1347.1,1350.05,1124.0,1122.0,697.0,701.0
667,2016-08-19,1346.85,1346.4,1115.0,1106.0,705.0,711.0
668,2016-08-22,1334.3,1335.9,1107.0,1110.0,704.0,707.0
669,2016-08-23,1338.5,1342.0,1107.0,1108.0,696.0,695.0
670,2016-08-24,1337.3,1327.25,1105.0,1090.0,696.0,692.0
671,2016-08-25,1324.5,1321.3,1083.0,1074.0,687.0,685.0
672,2016-08-26,1324.9,1318.75,1082.0,1077.0,693.0,690.0
673,2016-08-30,1318.85,1318.15,1076.0,1067.0,692.0,690.0
674,2016-08-31,1314.45,1309.25,1060.0,1050.0,683.0,674.0
675,2016-09-01,1305.7,1309.5,1051.0,1043.0,669.0,666.0
676,2016-09-02,1311.5,1325.7,1044.0,1052.0,667.0,670.0
677,2016-09-05,1328.3,1326.35,1068.0,1065.0,677.0,676.0
678,2016-09-06,1330.05,1337.25,1078.0,1087.0,682.0,689.0
679,2016-09-07,1348.75,1348.35,1095.0,1097.0,700.0,698.0
680,2016-09-08,1348.0,1343.4,1093.0,1088.0,695.0,694.0
681,2016-09-09,1335.65,1330.85,1079.0,1073.0,679.0,678.0
682,2016-09-12,1327.5,1324.6,1049.0,1043.0,664.0,665.0
683,2016-09-13,1328.5,1323.65,1055.0,1046.0,663.0,657.0
684,2016-09-14,1323.2,1321.75,1041.0,1032.0,660.0,653.0
685,2016-09-15,1320.1,1310.8,1034.0,1031.0,654.0,656.0
686,2016-09-16,1314.25,1308.35,1027.0,1012.0,652.0,656.0
687,2016-09-19,1315.05,1314.85,1027.0,1021.0,678.0,681.0
688,2016-09-20,1315.4,1313.8,1026.0,1022.0,688.0,682.0
689,2016-09-21,1319.6,1326.1,1038.0,1043.0,686.0,688.0
690,2016-09-22,1332.45,1339.1,1046.0,1059.0,686.0,697.0
691,2016-09-23,1335.9,1338.65,1055.0,1055.0,690.0,697.0
692,2016-09-26,1336.3,1340.5,1038.0,1036.0,688.0,691.0
693,2016-09-27,1335.85,1327.0,1040.0,1033.0,694.0,691.0
694,2016-09-28,1324.8,1322.5,1025.0,1018.0,703.0,701.0
695,2016-09-29,1320.85,1318.1,1028.0,1021.0,709.0,709.0
696,2016-09-30,1327.9,1322.5,1031.0,1034.0,719.0,722.0
697,2016-10-03,1318.65,1313.3,1020.0,1013.0,719.0,722.0
698,2016-10-04,1309.15,1283.3,1007.0,998.0,711.0,705.0
699,2016-10-05,1274.0,1269.4,993.0,983.0,692.0,683.0
700,2016-10-06,1265.5,1254.5,976.0,973.0,674.0,667.0
701,2016-10-07,1255.0,1258.75,964.0,975.0,669.0,674.0
702,2016-10-10,1262.1,1259.5,969.0,967.0,668.0,667.0
703,2016-10-11,1256.4,1253.45,960.0,958.0,664.0,657.0
704,2016-10-12,1255.7,1256.5,948.0,947.0,651.0,651.0
705,2016-10-13,1258.0,1261.05,942.0,935.0,642.0,640.0
706,2016-10-14,1256.15,1251.75,938.0,933.0,638.0,642.0
707,2016-10-17,1252.7,1254.8,938.0,932.0,647.0,641.0
708,2016-10-18,1261.65,1258.2,947.0,940.0,642.0,639.0
709,2016-10-19,1269.75,1269.05,944.0,942.0,639.0,638.0
710,2016-10-20,1269.2,1271.65,940.0,935.0,633.0,634.0
711,2016-10-21,1263.95,1266.05,926.0,927.0,622.0,619.0
712,2016-10-24,1267.0,1265.55,936.0,947.0,626.0,628.0
713,2016-10-25,1269.3,1269.4,951.0,958.0,640.0,636.0
714,2016-10-26,1273.9,1270.5,966.0,961.0,636.0,631.0
715,2016-10-27,1269.3,1266.25,960.0,970.0,620.0,617.0
716,2016-10-28,1265.9,1273.0,965.0,972.0,612.0,616.0
717,2016-10-31,1274.2,1272.0,979.0,976.0,615.0,612.0
718,2016-11-01,1284.4,1288.45,983.0,995.0,627.0,631.0
719,2016-11-02,1295.85,1303.75,991.0,994.0,630.0,635.0
720,2016-11-03,1293.0,1301.0,985.0,986.0,628.0,627.0
721,2016-11-04,1301.7,1302.8,995.0,1003.0,619.0,625.0
722,2016-11-07,1286.8,1283.05,989.0,995.0,625.0,632.0
723,2016-11-08,1284.0,1282.35,1008.0,1003.0,651.0,656.0
724,2016-11-09,1304.55,1281.4,1008.0,1003.0,651.0,656.0
725,2016-11-10,1280.9,1267.5,994.0,984.0,681.0,690.0
726,2016-11-11,1255.65,1236.45,973.0,974.0,684.0,685.0
727,2016-11-14,1222.6,1213.6,940.0,936.0,677.0,683.0
728,2016-11-15,1228.9,1226.95,942.0,933.0,706.0,708.0
729,2016-11-16,1225.7,1229.2,933.0,937.0,699.0,716.0
730,2016-11-17,1232.0,1226.75,942.0,935.0,717.0,718.0
731,2016-11-18,1206.1,1211.0,925.0,923.0,714.0,718.0
732,2016-11-21,1214.95,1214.25,928.0,929.0,726.0,730.0
733,2016-11-22,1217.55,1212.25,946.0,940.0,738.0,746.0
734,2016-11-23,1213.25,1185.35,938.0,923.0,742.0,725.0
735,2016-11-24,1187.25,1186.1,917.0,914.0,734.0,733.0
736,2016-11-25,1187.5,1187.7,911.0,906.0,724.0,729.0
737,2016-11-28,1189.1,1187.0,916.0,911.0,751.0,749.0
738,2016-11-29,1187.3,1186.55,923.0,917.0,753.0,761.0
739,2016-11-30,1187.4,1178.1,918.0,920.0,764.0,770.0
740,2016-12-01,1168.75,1161.85,903.0,906.0,774.0,767.0
741,2016-12-02,1171.65,1173.5,916.0,918.0,746.0,743.0
742,2016-12-05,1164.9,1162.2,925.0,930.0,729.0,732.0
743,2016-12-06,1171.15,1172.5,939.0,941.0,750.0,747.0
744,2016-12-07,1171.25,1177.65,930.0,944.0,727.0,734.0
745,2016-12-08,1174.75,1171.05,947.0,940.0,734.0,725.0
746,2016-12-09,1168.9,1163.6,937.0,925.0,743.0,744.0
747,2016-12-12,1154.4,1156.1,915.0,923.0,732.0,734.5
748,2016-12-13,1157.35,1158.55,928.0,934.0,727.0,733.0
749,2016-12-14,1160.95,1162.25,937.0,942.0,730.0,733.0
750,2016-12-15,1132.45,1126.95,922.0,914.0,724.0,727.0
751,2016-12-16,1134.85,1131.6,904.0,904.0,689.0,688.0
752,2016-12-19,1137.6,1136.25,924.0,925.0,685.0,681.0
753,2016-12-20,1132.75,1125.7,914.0,908.0,671.0,665.0
754,2016-12-21,1134.4,1133.65,914.0,912.0,663.0,659.0
755,2016-12-22,1130.55,1131.35,910.0,906.0,653.0,655.0
756,2016-12-23,1131.0,,905.0,,654.0,
757,2016-12-28,1139.75,1134.6,903.0,899.0,671.0,675.0
758,2016-12-29,1146.8,1145.9,905.0,898.0,670.0,670.0
759,2016-12-30,1159.1,,907.0,,676.0,
760,2017-01-03,1148.65,1151.0,906.0,929.0,684.0,706.0
761,2017-01-04,1165.9,1164.25,942.0,948.0,724.0,738.0
762,2017-01-05,1173.05,1176.7,952.0,967.0,730.0,738.0
763,2017-01-06,1178.0,1175.85,968.0,959.0,744.0,745.0
764,2017-01-09,1176.1,1178.5,971.0,976.0,756.0,760.0
765,2017-01-10,1183.2,1189.5,971.0,973.0,755.0,759.0
766,2017-01-11,1187.55,1178.55,980.0,977.0,761.0,748.0
767,2017-01-12,1206.65,1205.05,990.0,981.0,755.0,758.0
768,2017-01-13,1196.35,1190.35,975.0,971.0,754.0,746.0
769,2017-01-16,1202.75,1203.0,983.0,984.0,740.0,745.0
770,2017-01-17,1217.5,1216.05,994.0,988.0,751.0,759.0
771,2017-01-18,1212.5,1214.75,974.0,968.0,745.0,743.0
772,2017-01-19,1203.35,1196.05,964.0,956.0,749.0,751.0
773,2017-01-20,1199.1,1200.55,955.0,963.0,752.0,761.0
774,2017-01-23,1213.75,1212.85,979.0,981.0,786.0,787.0
775,2017-01-24,1213.3,1216.8,979.0,986.0,777.0,785.0
776,2017-01-25,1203.5,1195.0,990.0,993.0,783.0,762.0
777,2017-01-26,1191.55,1189.7,981.0,972.0,737.0,717.0
778,2017-01-27,1184.2,1184.85,970.0,965.0,713.0,722.0
779,2017-01-30,1189.85,1192.8,978.0,979.0,728.0,730.0
780,2017-01-31,1198.8,1212.8,987.0,991.0,750.0,756.0
781,2017-02-01,1210.0,1203.65,996.0,994.0,764.0,759.0
782,2017-02-02,1224.05,1221.95,1003.0,1004.0,759.0,767.0
783,2017-02-03,1213.05,1215.2,992.0,992.0,749.0,747.0
784,2017-02-06,1221.85,1226.75,1008.0,1012.0,764.0,768.0
785,2017-02-07,1231.0,1231.0,1005.0,1007.0,755.0,768.0
786,2017-02-08,1235.6,1242.1,1011.0,1016.0,770.0,769.0
787,2017-02-09,1241.75,1236.8,1020.0,1019.0,773.0,777.0
788,2017-02-10,1225.75,1228.3,1003.0,993.0,774.0,781.0
789,2017-02-13,1229.4,1222.25,1007.0,999.0,776.0,778.0
790,2017-02-14,1229.65,1230.75,1000.0,1004.0,778.0,782.0
791,2017-02-15,1225.15,1224.4,998.0,992.0,780.0,783.0
792,2017-02-16,1236.75,1240.55,1012.0,1013.0,790.0,791.0
793,2017-02-17,1241.4,1241.95,1014.0,1010.0,791.0,793.0
794,2017-02-20,1235.35,1237.3,1001.0,1002.0,775.0,777.0
795,2017-02-21,1228.7,1233.2,993.0,988.0,763.0,767.0
796,2017-02-22,1237.5,1236.65,1003.0,999.0,783.0,774.0
797,2017-02-23,1237.35,1247.9,995.0,1014.0,766.0,779.0
798,2017-02-24,1255.35,1253.65,1015.0,1027.0,779.0,786.0
799,2017-02-27,1256.25,1257.2,1026.0,1033.0,773.0,784.0
800,2017-02-28,1251.9,1255.6,1026.0,1029.0,783.0,781.0
801,2017-03-01,1246.05,1240.4,1027.0,1015.0,778.0,775.0
802,2017-03-02,1243.3,1238.1,1011.0,1001.0,776.0,774.0
803,2017-03-03,1228.75,1226.5,988.0,987.0,767.0,756.0
804,2017-03-06,1231.15,1230.95,988.0,985.0,772.0,771.0
805,2017-03-07,1223.7,1216.65,970.0,966.0,770.0,770.0
806,2017-03-08,1213.3,1209.2,957.0,952.0,767.0,766.0
807,2017-03-09,1204.6,1206.55,948.0,944.0,759.0,754.0
808,2017-03-10,1196.55,1202.65,940.0,942.0,746.0,752.0
809,2017-03-13,1207.8,1204.2,945.0,937.0,752.0,750.0
810,2017-03-14,1203.55,1204.6,937.0,937.0,749.0,747.0
811,2017-03-15,1202.25,1198.8,940.0,933.0,748.0,744.0
812,2017-03-16,1225.6,1229.35,962.0,956.0,764.0,769.0
813,2017-03-17,1228.75,1229.6,955.0,960.0,771.0,778.0
814,2017-03-20,1233.0,1232.4,964.0,962.0,774.0,777.0
815,2017-03-21,1232.05,1241.6,963.0,973.0,784.0,788.0
816,2017-03-22,1246.1,1249.05,967.0,967.0,781.0,793.0
817,2017-03-23,1247.9,1247.5,962.0,963.0,793.0,803.0
818,2017-03-24,1244.0,1247.5,959.0,964.0,803.0,816.0
819,2017-03-27,1256.9,1257.55,978.0,977.0,806.0,803.0
820,2017-03-28,1253.65,1257.25,963.0,964.0,788.0,787.0
821,2017-03-29,1252.9,1251.1,955.0,953.0,793.0,788.0
822,2017-03-30,1250.9,1248.8,956.0,954.0,788.0,796.0
823,2017-03-31,1241.7,1244.85,945.0,940.0,797.0,798.0
824,2017-04-03,1246.25,1247.25,953.0,948.0,798.0,797.0
825,2017-04-04,1258.65,1257.65,956.0,958.0,805.0,806.0
826,2017-04-05,1252.5,1245.8,967.0,963.0,809.0,816.0
827,2017-04-06,1253.75,1252.5,958.0,955.0,806.0,803.0
828,2017-04-07,1264.3,1266.45,962.0,967.0,804.0,806.0
829,2017-04-10,1253.6,1250.05,950.0,940.0,799.0,790.0
830,2017-04-11,1255.7,1252.9,944.0,943.0,790.0,791.0
831,2017-04-12,1272.3,1274.3,966.0,962.0,802.0,794.0
832,2017-04-13,1286.1,1284.15,973.0,975.0,806.0,807.0
833,2017-04-18,1285.0,1278.95,983.0,985.0,790.0,789.0
834,2017-04-19,1282.05,1279.05,975.0,979.0,775.0,779.0
835,2017-04-20,1279.9,1282.1,968.0,976.0,787.0,794.0
836,2017-04-21,1281.5,1281.85,977.0,979.0,802.0,803.0
837,2017-04-24,1271.8,1269.4,966.0,955.0,800.0,795.0
838,2017-04-25,1270.5,1267.8,957.0,954.0,791.0,795.0
839,2017-04-26,1264.95,1261.85,953.0,949.0,802.0,799.0
840,2017-04-27,1264.3,1262.8,947.0,944.0,803.0,810.0
841,2017-04-28,1265.55,1266.45,946.0,946.0,816.0,824.0
842,2017-05-02,1255.8,1255.45,935.0,924.0,813.0,819.0
843,2017-05-03,1253.95,1250.3,914.0,911.0,806.0,801.0
844,2017-05-04,1235.85,1228.45,904.0,897.0,804.0,796.0
845,2017-05-05,1239.4,1228.05,913.0,909.0,805.0,809.0
846,2017-05-08,1229.7,1229.8,915.0,912.0,815.0,819.0
847,2017-05-09,1225.15,1220.4,915.0,903.0,807.0,798.0
848,2017-05-10,1222.95,1222.95,903.0,915.0,798.0,807.0
849,2017-05-11,1221.0,1223.15,905.0,906.0,797.0,801.0
850,2017-05-12,1227.9,1231.25,923.0,922.0,804.0,808.0
851,2017-05-15,1231.5,1233.3,926.0,937.0,808.0,818.0
852,2017-05-16,1234.05,1234.2,934.0,939.0,804.0,804.0
853,2017-05-17,1244.6,1257.4,934.0,939.0,804.0,804.0
854,2017-05-18,1261.35,1255.9,939.0,944.0,788.0,781.0
855,2017-05-19,1251.85,1252.0,933.0,943.0,768.0,770.0
856,2017-05-22,1255.25,1258.85,938.0,939.0,761.0,753.0
857,2017-05-23,1259.9,1260.2,938.0,939.0,761.0,753.0
858,2017-05-24,1251.35,1252.55,942.0,940.0,774.0,761.0
859,2017-05-25,1257.1,1256.95,945.0,950.0,765.0,767.0
860,2017-05-26,1265.0,1265.05,953.0,961.0,774.0,780.0
861,2017-05-30,1262.8,1262.7,946.0,941.0,796.0,797.0
862,2017-05-31,1263.8,1266.2,941.0,947.0,805.0,814.0
863,2017-06-01,1266.15,1264.85,943.0,931.0,816.0,823.0
864,2017-06-02,1260.95,1274.95,928.0,932.0,833.0,837.0
865,2017-06-05,1280.7,1279.95,953.0,950.0,843.0,841.0
866,2017-06-06,1287.85,1293.5,960.0,960.0,846.0,854.0
867,2017-06-07,1292.7,1291.0,960.0,949.0,857.0,843.0
868,2017-06-08,1284.8,1273.1,946.0,945.0,845.0,855.0
869,2017-06-09,1274.25,1266.55,937.0,939.0,863.0,896.0
870,2017-06-12,1269.25,1266.4,943.0,944.0,899.0,898.0
871,2017-06-13,1261.3,1262.0,942.0,929.0,900.0,886.0
872,2017-06-14,1268.25,1275.5,928.0,942.0,886.0,891.0
873,2017-06-15,1260.25,1254.55,934.0,921.0,853.0,861.0
874,2017-06-16,1256.6,1255.4,922.0,923.0,871.0,869.0
875,2017-06-19,1251.1,1248.15,923.0,918.0,873.0,871.0
876,2017-06-20,1246.5,1242.2,927.0,921.0,867.0,863.0
877,2017-06-21,1247.05,1242.5,920.0,917.0,874.0,882.0
878,2017-06-22,1251.4,1250.8,929.0,933.0,886.0,889.0
879,2017-06-23,1256.3,1255.7,931.0,927.0,887.0,886.0
880,2017-06-26,1240.85,1245.25,921.0,922.0,858.0,862.0
881,2017-06-27,1250.4,1249.55,923.0,920.0,862.0,865.0
882,2017-06-28,1251.6,1248.0,919.0,921.0,860.0,858.0
883,2017-06-29,1246.6,1243.5,919.0,910.0,862.0,857.0
884,2017-06-30,1243.25,1242.25,921.0,922.0,843.0,841.0
885,2017-07-03,1235.2,1229.25,919.0,911.0,843.0,838.0
886,2017-07-04,1224.25,1223.75,909.0,908.0,852.0,853.0
887,2017-07-05,1221.9,1220.3,907.0,901.0,855.0,841.0
888,2017-07-06,1224.3,1224.9,909.0,905.0,844.0,835.0
889,2017-07-07,1220.4,1215.65,904.0,911.0,837.0,834.0
890,2017-07-10,1207.55,1211.9,901.0,895.0,837.0,830.0
891,2017-07-11,1211.9,1211.05,895.0,891.0,839.0,839.0
892,2017-07-12,1219.4,1218.8,905.0,919.0,853.0,866.0
893,2017-07-13,1221.4,1218.9,917.0,914.0,868.0,869.0
894,2017-07-14,1218.95,1230.3,905.0,918.0,859.0,860.0
895,2017-07-17,1229.85,1234.1,924.0,927.0,859.0,858.0
896,2017-07-18,1237.1,1240.75,924.0,927.0,862.0,867.0
897,2017-07-19,1239.85,1242.15,921.0,925.0,862.0,870.0
898,2017-07-20,1236.55,1238.7,914.0,918.0,853.0,849.0
899,2017-07-21,1247.25,1248.55,928.0,937.0,848.0,852.0
900,2017-07-24,1255.85,1255.55,935.0,937.0,841.0,847.0
901,2017-07-25,1252.0,1254.4,927.0,926.0,858.0,860.0
902,2017-07-26,1245.4,1248.1,923.0,920.0,856.0,860.0
903,2017-07-27,1262.05,1261.1,929.0,930.0,878.0,879.0
904,2017-07-28,1259.6,1264.9,926.0,927.0,877.0,875.0
905,2017-07-31,1266.35,1267.55,935.0,938.0,888.0,894.0
906,2017-08-01,1267.05,1270.95,943.0,941.0,889.0,894.0
907,2017-08-02,1266.65,1269.6,945.0,940.0,899.0,900.0
908,2017-08-03,1261.8,1268.1,949.0,956.0,889.0,895.0
909,2017-08-04,1269.3,1257.7,967.0,966.0,884.0,884.0
910,2017-08-07,1257.55,1258.0,962.0,966.0,870.0,872.0
911,2017-08-08,1261.45,1261.8,969.0,972.0,885.0,894.0
912,2017-08-09,1267.95,1271.05,974.0,979.0,895.0,899.0
913,2017-08-10,1278.9,1284.4,974.0,982.0,894.0,904.0
914,2017-08-11,1288.3,1286.1,982.0,984.0,900.0,898.0
915,2017-08-14,1281.1,1282.3,970.0,968.0,895.0,902.0
916,2017-08-15,1274.6,1270.3,961.0,952.0,897.0,887.0
917,2017-08-16,1270.15,1272.75,964.0,963.0,893.0,896.0
918,2017-08-17,1285.9,1285.15,974.0,975.0,918.0,927.0
919,2017-08-18,1295.25,1295.8,983.0,985.0,928.0,932.0
920,2017-08-21,1287.6,1292.9,980.0,982.0,931.0,934.0
921,2017-08-22,1285.1,1284.2,975.0,974.0,937.0,934.0
922,2017-08-23,1286.45,1286.65,979.0,979.0,935.0,935.0
923,2017-08-24,1285.9,1289.0,972.0,977.0,933.0,940.0
924,2017-08-25,1287.05,1285.3,979.0,975.0,939.0,930.0
925,2017-08-29,1323.4,1318.65,999.0,1001.0,942.0,941.0
926,2017-08-30,1310.6,1308.5,991.0,989.0,940.0,936.0
927,2017-08-31,1305.8,1311.75,990.0,986.0,935.0,935.0
928,2017-09-01,1318.4,1320.4,997.0,999.0,934.0,946.0
929,2017-09-04,1334.6,1333.1,1011.0,1007.0,988.0,976.0
930,2017-09-05,1331.15,1335.55,1000.0,1006.0,974.0,984.0
931,2017-09-06,1340.15,1337.85,1008.0,1011.0,966.0,957.0
932,2017-09-07,1340.45,1343.5,1005.0,1007.0,942.0,947.0
933,2017-09-08,1350.9,1346.25,1014.0,1014.0,949.0,942.0
934,2017-09-11,1338.75,1334.2,1003.0,994.0,949.0,936.0
935,2017-09-12,1326.25,1326.5,986.0,981.0,939.0,946.0
936,2017-09-13,1332.25,1327.55,986.0,982.0,946.0,947.0
937,2017-09-14,1323.0,1324.55,978.0,980.0,941.0,933.0
938,2017-09-15,1325.0,1322.85,978.0,976.0,929.0,924.0
939,2017-09-18,1314.4,1312.1,968.0,960.0,936.0,931.0
940,2017-09-19,1308.45,1309.6,956.0,950.0,930.0,915.0
941,2017-09-20,1314.9,1311.3,953.0,945.0,908.0,907.0
942,2017-09-21,1297.35,1292.1,940.0,933.0,914.0,916.0
943,2017-09-22,1297.0,1294.8,942.0,935.0,915.0,916.0
944,2017-09-25,1295.5,1293.3,931.0,927.0,920.0,917.0
945,2017-09-26,1306.9,1300.05,935.0,927.0,916.0,915.0
946,2017-09-27,1291.3,1282.55,920.0,917.0,916.0,917.0
947,2017-09-28,1284.3,1283.35,919.0,918.0,932.0,928.0
948,2017-09-29,1286.95,1283.1,923.0,920.0,935.0,935.0
949,2017-10-02,1273.1,1273.7,913.0,912.0,939.0,935.0
950,2017-10-03,1270.7,1271.25,912.0,907.0,914.0,910.0
951,2017-10-04,1275.55,1274.25,914.0,912.0,919.0,919.0
952,2017-10-05,1278.4,1274.5,915.0,912.0,928.0,930.0
953,2017-10-06,1268.2,1261.8,915.0,911.0,942.0,943.0
954,2017-10-09,1282.15,1278.75,917.0,914.0,930.0,926.0
955,2017-10-10,1289.6,1291.4,923.0,925.0,932.0,942.0
956,2017-10-11,1290.2,1289.25,930.0,929.0,936.0,945.0
957,2017-10-12,1294.45,1290.25,936.0,936.0,964.0,981.0
958,2017-10-13,1293.9,1299.6,936.0,941.0,983.0,996.0
959,2017-10-16,1305.15,1303.3,943.0,945.0,1005.0,1006.0
960,2017-10-17,1289.7,1284.75,928.0,928.0,986.0,985.0
961,2017-10-18,1280.65,1280.2,925.0,922.0,978.0,973.0
962,2017-10-19,1283.4,1286.4,922.0,921.0,957.0,951.0
963,2017-10-20,1280.25,1281.2,916.0,916.0,968.0,976.0
964,2017-10-23,1275.25,1274.9,916.0,913.0,965.0,965.0
965,2017-10-24,1278.3,1276.45,923.0,922.0,960.0,963.0
966,2017-10-25,1273.0,1275.0,914.0,916.0,964.0,973.0
967,2017-10-26,1278.0,1273.75,921.0,927.0,968.0,970.0
968,2017-10-27,1267.8,1266.45,916.0,917.0,968.0,972.0
969,2017-10-30,1272.75,1272.0,919.0,918.0,965.0,986.0
970,2017-10-31,1274.4,1270.15,918.0,915.0,972.0,977.0
971,2017-11-01,1279.25,1277.05,927.0,931.0,993.0,1002.0
972,2017-11-02,1276.4,1279.2,929.0,931.0,993.0,1002.0
973,2017-11-03,1275.3,1267.2,922.0,922.0,994.0,995.0
974,2017-11-06,1271.6,1270.9,921.0,919.0,1001.0,994.0
975,2017-11-07,1276.35,1275.6,926.0,926.0,993.0,1000.0
976,2017-11-08,1282.25,1284.0,927.0,928.0,1001.0,1005.5
977,2017-11-09,1284.0,1284.8,933.0,934.0,1019.0,1016.0
978,2017-11-10,1284.45,1284.3,937.0,937.0,1008.0,1000.0
979,2017-11-13,1278.4,1277.95,937.0,937.0,1008.0,1000.0
980,2017-11-14,1273.7,1274.6,928.0,926.0,994.0,987.0
981,2017-11-15,1285.7,1282.2,930.0,937.0,978.0,981.0
982,2017-11-16,1277.7,1280.0,931.0,931.0,986.0,983.0
983,2017-11-17,1283.85,1284.35,933.0,937.0,994.0,997.0
984,2017-11-20,1292.35,1286.2,944.0,935.0,996.0,1000.0
985,2017-11-21,1280.0,1283.3,927.0,927.0,994.0,994.0
986,2017-11-22,1283.95,1286.95,934.0,938.0,1006.0,1001.0
987,2017-11-23,1290.15,1290.35,933.0,933.0,1002.0,1005.0
988,2017-11-24,1289.15,1290.5,936.0,935.0,1009.0,1001.0
989,2017-11-27,1294.7,1294.9,940.0,948.0,996.0,1003.0
990,2017-11-28,1293.9,1291.85,946.0,955.0,1002.0,1012.0
991,2017-11-29,1294.85,1283.85,949.0,945.0,1024.0,1014.0
992,2017-11-30,1282.15,1280.2,941.0,940.0,1018.0,1010.0
993,2017-12-01,1277.25,1275.5,941.0,934.0,1014.0,1016.0
994,2017-12-04,1279.1,1273.45,932.0,928.0,1016.0,1015.0
995,2017-12-05,1275.9,1266.3,922.0,918.0,996.0,992.0
996,2017-12-06,1268.55,1263.7,912.0,907.0,990.0,997.0
997,2017-12-07,1256.8,1255.0,900.0,900.0,999.0,1013.0
998,2017-12-08,1245.85,1250.65,895.0,892.0,1015.0,1009.0
999,2017-12-11,1251.4,1247.15,890.0,884.0,1011.0,1007.0
1000,2017-12-12,1243.4,1240.9,892.0,883.0,1006.0,1006.0
1001,2017-12-13,1241.6,1242.65,877.0,877.0,1005.0,1008.0
1002,2017-12-14,1255.6,1251.0,879.0,879.0,1008.0,1020.0
1003,2017-12-15,1257.25,1254.6,881.0,882.0,1033.0,1028.0
1004,2017-12-18,1258.65,1260.6,896.0,902.0,1021.0,1015.0
1005,2017-12-19,1263.1,1260.35,908.0,914.0,1019.0,1016.0
1006,2017-12-20,1265.95,1264.55,918.0,920.0,1027.0,1031.0
1007,2017-12-21,1265.85,1264.55,914.0,917.0,1029.0,1033.0
1008,2017-12-22,1268.05,,912.0,,1028.0,
1009,2017-12-27,1285.4,1279.4,922.0,919.0,1060.0,1055.0
1010,2017-12-28,1291.6,1291.0,923.0,925.0,1058.0,1057.0
1011,2017-12-29,1296.5,,927.0,,1056.0,
1012,2018-01-02,1312.8,1312.05,937.0,936.0,1071.0,1087.0
1013,2018-01-03,1314.6,1314.9,944.0,951.0,1083.0,1086.0
1014,2018-01-04,1313.7,1314.5,953.0,959.0,1098.0,1100.0
1015,2018-01-05,1317.9,1317.15,963.0,966.0,1096.0,1095.0
1016,2018-01-08,1318.8,1319.95,967.0,971.0,1096.0,1090.0
1017,2018-01-09,1314.95,1311.0,962.0,971.0,1103.0,1108.0
1018,2018-01-10,1321.65,1319.75,963.0,970.0,1099.0,1095.0
1019,2018-01-11,1319.85,1323.05,976.0,981.0,1082.0,1078.0
1020,2018-01-12,1332.9,1326.8,995.0,991.0,1086.0,1098.0
1021,2018-01-15,1343.0,1339.25,995.0,1002.0,1128.0,1129.0
1022,2018-01-16,1334.95,1333.85,991.0,994.5,1111.0,1105.0
1023,2018-01-17,1337.35,1335.65,1001.0,1002.0,1104.0,1104.0
1024,2018-01-18,1329.75,1332.2,999.0,1003.0,1106.0,1107.0
1025,2018-01-19,1335.8,1334.95,1012.0,1011.0,1111.0,1112.0
1026,2018-01-22,1334.15,1332.6,1018.0,1017.0,1098.0,1092.0
1027,2018-01-23,1337.1,1333.4,990.0,998.0,1088.0,1087.0
1028,2018-01-24,1350.5,1353.7,1014.0,1016.0,1099.0,1099.0
1029,2018-01-25,1360.25,1354.95,1020.0,1020.0,1106.0,1100.0
1030,2018-01-26,1354.35,1353.15,1020.0,1017.0,1097.0,1087.0
1031,2018-01-29,1348.4,1343.85,1009.0,1011.0,1090.0,1085.0
1032,2018-01-30,1345.7,1344.9,998.0,1004.0,1081.0,1083.0
1033,2018-01-31,1343.35,1345.05,1004.0,1003.0,1063.0,1051.0
1034,2018-02-01,1341.1,1341.35,997.0,996.0,1031.0,1039.0
1035,2018-02-02,1345.0,1331.15,1003.0,997.0,1047.0,1047.0
1036,2018-02-05,1337.1,1333.6,994.0,995.0,1038.0,1041.0
1037,2018-02-06,1344.65,1331.4,996.0,987.0,1029.0,1014.0
1038,2018-02-07,1328.5,1324.65,968.0,981.0,1007.0,994.0
1039,2018-02-08,1311.05,1315.45,974.0,975.0,990.0,985.0
1040,2018-02-09,1316.05,1314.1,972.0,969.0,970.0,969.0
1041,2018-02-12,1321.7,1322.3,966.0,965.0,987.0,985.0
1042,2018-02-13,1329.4,1325.35,971.0,969.0,988.0,993.0
1043,2018-02-14,1330.75,1336.25,973.0,972.0,989.0,993.0
1044,2018-02-15,1353.7,1352.45,1005.0,999.0,1020.0,1017.0
1045,2018-02-16,1358.6,1352.1,1011.0,1005.0,1028.0,1037.0
1046,2018-02-19,1347.4,1346.6,1010.0,1007.0,1050.0,1034.0
1047,2018-02-20,1337.4,1339.85,1002.0,1000.0,1030.0,1034.0
1048,2018-02-21,1328.6,1330.5,994.0,998.0,1027.0,1028.0
1049,2018-02-22,1323.5,1328.35,987.0,990.0,1024.0,1033.0
1050,2018-02-23,1328.9,1327.95,993.0,990.0,1041.0,1041.0
1051,2018-02-26,1339.05,1333.5,1005.0,997.0,1061.0,1062.0
1052,2018-02-27,1332.75,1325.75,996.0,994.0,1061.0,1062.0
1053,2018-02-28,1320.3,1317.85,981.0,979.0,1049.0,1041.0
1054,2018-03-01,1311.25,1307.75,972.0,969.0,1020.0,1011.0
1055,2018-03-02,1316.75,1322.3,960.0,968.0,991.0,993.0
1056,2018-03-05,1326.3,1320.4,967.0,957.0,992.0,983.0
1057,2018-03-06,1324.95,1331.4,960.0,966.0,981.0,996.0
1058,2018-03-07,1332.5,1329.4,960.0,959.0,979.0,980.0
1059,2018-03-08,1325.4,1321.0,949.0,954.0,970.0,985.0
1060,2018-03-09,1319.35,1320.6,951.0,949.0,978.0,984.0
1061,2018-03-12,1317.25,1319.15,958.0,958.0,991.0,986.0
1062,2018-03-13,1318.7,1322.75,961.0,967.0,981.0,993.0
1063,2018-03-14,1324.95,1323.55,969.0,964.0,1004.0,1007.0
1064,2018-03-15,1323.35,1318.75,957.0,959.0,994.0,987.0
1065,2018-03-16,1320.05,1310.1,957.0,950.0,990.0,987.0
1066,2018-03-19,1311.7,1312.4,942.0,956.0,997.0,999.0
1067,2018-03-20,1312.75,1311.0,950.0,945.0,995.0,982.0
1068,2018-03-21,1316.35,1321.35,946.0,947.0,986.0,988.0
1069,2018-03-22,1328.85,1329.15,956.0,950.0,988.0,984.0
1070,2018-03-23,1342.35,1346.6,954.0,954.0,982.0,986.0
1071,2018-03-26,1348.4,1352.4,950.0,950.0,981.0,976.0
1072,2018-03-27,1350.65,1341.45,957.0,949.0,978.0,980.0
1073,2018-03-28,1341.05,1332.45,942.0,939.0,977.0,977.0
1074,2018-03-29,1323.9,1323.85,936.0,936.0,971.0,970.0
1075,2018-04-03,1336.6,1333.45,934.0,927.0,941.0,946.0
1076,2018-04-04,1343.15,1337.3,924.0,919.0,929.0,923.0
1077,2018-04-05,1327.05,1327.7,910.0,911.0,929.0,912.0
1078,2018-04-06,1325.6,1331.2,911.0,911.0,906.0,909.0
1079,2018-04-09,1328.5,1331.95,918.0,923.0,916.0,930.0
1080,2018-04-10,1335.95,1338.95,933.0,929.0,935.0,950.0
1081,2018-04-11,1345.2,1350.75,931.0,933.0,955.0,958.0
1082,2018-04-12,1345.9,1341.35,926.0,928.0,955.0,955.0
1083,2018-04-13,1340.75,1343.75,933.0,929.0,978.0,986.0
1084,2018-04-16,1344.4,1349.35,930.0,930.0,988.0,1002.0
1085,2018-04-17,1342.95,1342.1,928.0,925.0,991.0,1002.0
1086,2018-04-18,1346.55,1351.45,944.0,946.0,1016.0,1034.0
1087,2018-04-19,1347.9,1348.6,950.0,943.0,1055.0,1036.0
1088,2018-04-20,1340.15,1336.75,931.0,933.0,1017.0,1031.0
1089,2018-04-23,1328.0,1324.3,922.0,920.0,1027.0,981.0
1090,2018-04-24,1327.35,1328.85,919.0,919.0,965.0,967.0
1091,2018-04-25,1325.7,1321.65,923.0,916.0,972.0,968.0
1092,2018-04-26,1321.9,1320.7,909.0,912.0,969.0,975.0
1093,2018-04-27,1317.7,1321.5,908.0,911.0,982.0,983.0
1094,2018-04-30,1316.25,1313.2,907.0,905.0,973.0,963.0
1095,2018-05-01,1309.2,1307.1,900.0,899.0,958.0,952.0
1096,2018-05-02,1304.2,1304.25,898.0,897.0,958.0,968.0
1097,2018-05-03,1313.3,1315.05,901.0,902.0,974.0,971.0
1098,2018-05-04,1309.35,1309.4,899.0,901.0,965.0,963.0
1099,2018-05-08,1310.05,1306.6,909.0,911.0,972.0,971.0
1100,2018-05-09,1306.85,1313.85,909.0,913.0,975.0,976.0
1101,2018-05-10,1314.8,1318.8,916.0,923.0,978.0,991.0
1102,2018-05-11,1324.8,1324.35,927.0,926.0,1004.0,1004.0
1103,2018-05-14,1320.7,1319.85,926.0,921.0,995.0,1005.0
1104,2018-05-15,1310.05,1295.0,905.0,901.0,977.0,970.0
1105,2018-05-16,1291.75,1291.25,897.0,894.0,983.0,987.0
1106,2018-05-17,1288.85,1289.5,888.0,890.0,982.0,991.0
1107,2018-05-18,1287.2,1288.3,886.0,884.0,981.0,981.0
1108,2018-05-21,1285.85,1288.35,880.0,885.0,972.0,978.0
1109,2018-05-22,1293.9,1293.05,903.0,906.0,998.0,1001.0
1110,2018-05-23,1294.0,1289.0,904.0,903.0,978.0,972.0
1111,2018-05-24,1296.35,1304.85,908.0,909.0,968.0,972.0
1112,2018-05-25,1303.95,1303.5,912.0,908.0,980.0,978.0
1113,2018-05-29,1302.05,1295.5,906.0,904.0,980.0,982.0
1114,2018-05-30,1298.6,1300.7,906.0,906.0,979.0,979.0
1115,2018-05-31,1303.5,1305.35,912.0,907.0,989.0,986.0
1116,2018-06-01,1299.15,1294.6,910.0,903.0,989.0,991.0
1117,2018-06-04,1294.65,1295.45,901.0,906.0,1009.0,1009.0
1118,2018-06-05,1292.25,1292.05,897.0,897.0,993.0,984.0
1119,2018-06-06,1295.25,1300.1,902.0,901.0,998.0,1008.0
1120,2018-06-07,1298.3,1297.25,907.0,905.0,1017.0,1027.0
1121,2018-06-08,1299.2,1298.25,898.0,901.0,1013.0,1015.0
1122,2018-06-11,1296.05,1299.6,904.0,906.0,1015.0,1019.0
1123,2018-06-12,1298.3,1298.65,906.0,907.0,1022.0,1025.0
1124,2018-06-13,1294.4,1296.15,893.0,900.0,1007.0,1013.0
1125,2018-06-14,1305.3,1302.75,905.0,909.0,1016.0,1010.0
1126,2018-06-15,1300.1,1285.25,903.0,898.0,1007.0,995.0
1127,2018-06-18,1281.25,1281.55,886.0,884.0,991.0,986.0
1128,2018-06-19,1279.0,1276.15,880.0,871.0,983.0,982.0
1129,2018-06-20,1273.25,1274.2,862.0,867.0,973.0,972.0
1130,2018-06-21,1263.7,1266.15,864.0,866.0,962.0,962.0
1131,2018-06-22,1269.7,1269.15,865.0,867.0,958.0,956.0
1132,2018-06-25,1269.8,1268.7,877.0,868.0,957.0,949.0
1133,2018-06-26,1257.15,1260.3,862.0,864.0,939.0,939.0
1134,2018-06-27,1256.8,1254.6,861.0,860.0,949.0,946.0
1135,2018-06-28,1250.5,1251.55,852.0,852.0,951.0,945.0
1136,2018-06-29,1250.55,1250.45,846.0,851.0,948.0,953.0
1137,2018-07-02,1249.0,1247.8,842.0,839.0,950.0,941.0
1138,2018-07-03,1245.85,1251.75,822.0,838.0,942.0,954.0
1139,2018-07-04,1256.9,1255.65,838.0,834.0,946.0,948.0
1140,2018-07-05,1252.5,1255.5,841.0,845.5,948.0,947.0
1141,2018-07-06,1254.2,1255.35,839.0,838.0,945.0,947.0
1142,2018-07-09,1262.6,1262.05,857.0,849.0,962.0,965.0
1143,2018-07-10,1253.7,1254.0,842.0,843.0,948.0,950.0
1144,2018-07-11,1250.0,1251.4,841.0,838.0,939.0,940.0
1145,2018-07-12,1244.85,1245.9,832.0,838.0,942.0,938.0
1146,2018-07-13,1240.5,1241.7,832.0,831.0,942.0,944.0
1147,2018-07-16,1244.9,1241.1,831.0,826.0,941.0,933.0
1148,2018-07-17,1243.65,1232.8,827.0,825.0,920.0,915.0
1149,2018-07-18,1223.45,1224.5,806.0,810.0,909.0,910.0
1150,2018-07-19,1217.4,1217.55,804.0,798.0,904.0,886.0
1151,2018-07-20,1224.85,1228.75,815.0,824.0,892.0,892.0
1152,2018-07-23,1229.45,1224.95,827.0,829.0,890.0,900.0
1153,2018-07-24,1224.3,1228.35,834.0,839.0,918.0,924.0
1154,2018-07-25,1230.55,1231.5,838.0,841.0,927.0,934.0
1155,2018-07-26,1228.35,1228.25,838.0,835.0,938.0,931.0
1156,2018-07-27,1219.15,1223.95,820.0,829.0,927.0,930.0
1157,2018-07-30,1222.05,1223.8,824.0,826.0,926.0,928.0
1158,2018-07-31,1219.2,1220.95,826.0,831.0,926.0,928.0
1159,2018-08-01,1222.75,1219.0,830.0,825.0,929.0,927.0
1160,2018-08-02,1217.6,1215.45,817.0,823.0,921.0,921.0
1161,2018-08-03,1207.7,1216.3,824.0,832.0,916.0,920.0
1162,2018-08-06,1212.0,1209.65,832.0,825.0,914.0,905.0
1163,2018-08-07,1215.4,1212.35,834.0,835.0,910.0,920.0
1164,2018-08-08,1212.35,1209.55,827.0,824.0,905.0,900.0
1165,2018-08-09,1215.5,1214.35,828.0,837.0,897.0,898.0
1166,2018-08-10,1211.65,1214.4,830.0,828.0,899.0,911.0
1167,2018-08-13,1204.4,1200.35,818.0,814.0,902.0,905.0
1168,2018-08-14,1195.3,1197.0,804.0,806.0,893.0,894.0
1169,2018-08-15,1186.7,1182.0,788.0,775.0,890.0,849.0
1170,2018-08-16,1179.65,1180.4,781.0,781.0,864.0,885.0
1171,2018-08-17,1176.7,1178.4,782.0,779.0,902.0,895.0
1172,2018-08-20,1188.75,1184.35,795.0,792.0,918.0,922.0
1173,2018-08-21,1194.1,1190.95,800.0,795.0,917.0,912.0
1174,2018-08-22,1196.85,1196.65,790.0,798.0,914.0,923.0
1175,2018-08-23,1187.3,1192.35,780.0,782.5,916.0,915.0
1176,2018-08-24,1189.95,1197.7,784.0,786.0,923.0,932.0
1177,2018-08-28,1212.75,1212.25,807.0,805.0,950.0,953.0
1178,2018-08-29,1204.3,1204.2,792.0,793.0,941.0,950.0
1179,2018-08-30,1202.35,1197.3,791.0,792.0,980.0,980.0
1180,2018-08-31,1206.85,1202.45,798.0,792.0,977.0,979.0
1181,2018-09-03,1201.7,1200.05,787.0,788.0,985.0,980.0
1182,2018-09-04,1195.75,1190.85,778.0,772.0,966.0,967.0
1183,2018-09-05,1194.7,1196.7,774.0,774.0,982.0,988.0
1184,2018-09-06,1204.3,1205.15,790.0,790.0,983.0,978.0
1185,2018-09-07,1200.75,1198.9,793.0,776.0,979.0,982.0
1186,2018-09-10,1195.8,1196.6,782.0,797.0,979.0,994.0
1187,2018-09-11,1194.0,1189.85,789.0,784.5,969.0,972.0
1188,2018-09-12,1197.8,1195.6,789.0,788.0,973.0,979.0
1189,2018-09-13,1206.65,1209.8,804.0,810.0,977.0,982.0
1190,2018-09-14,1206.2,1201.95,807.0,805.0,979.0,987.0
1191,2018-09-17,1196.8,1201.9,795.0,801.0,980.0,982.0
1192,2018-09-18,1199.4,1200.2,801.0,814.0,991.0,999.0
1193,2018-09-19,1203.0,1203.3,820.0,817.0,1014.0,1025.0
1194,2018-09-20,1203.0,1208.35,822.0,826.0,1039.0,1050.0
1195,2018-09-21,1207.6,1198.7,838.0,829.0,1056.0,1045.0
1196,2018-09-24,1198.75,1202.75,826.0,830.0,1053.0,1058.0
1197,2018-09-25,1199.45,1201.9,830.0,827.0,1057.0,1065.0
1198,2018-09-26,1198.8,1194.25,826.0,824.0,1059.0,1065.0
1199,2018-09-27,1196.0,1185.4,829.0,812.0,1075.0,1067.0
1200,2018-09-28,1183.5,1187.25,811.0,815.0,1086.0,1094.0
1201,2018-10-01,1185.3,1189.35,813.0,817.0,1065.0,1053.0
1202,2018-10-02,1192.65,1204.7,824.0,828.0,1054.0,1060.0
1203,2018-10-03,1203.5,1201.2,829.0,832.0,1050.0,1050.0
1204,2018-10-04,1199.45,1203.45,821.0,830.0,1054.0,1060.0
1205,2018-10-05,1201.1,1203.8,821.0,824.0,1055.0,1061.0
1206,2018-10-08,1194.8,1186.95,815.0,814.0,1061.0,1066.0
1207,2018-10-09,1187.4,1185.55,820.0,820.0,1083.0,1076.0
1208,2018-10-10,1186.4,1188.6,820.0,820.0,1073.0,1075.0
1209,2018-10-11,1201.1,1205.55,823.0,824.0,1074.0,1083.0
1210,2018-10-12,1218.75,1219.75,839.0,838.0,1087.0,1084.0
1211,2018-10-15,1233.0,1229.95,844.0,845.0,1080.0,1084.0
1212,2018-10-16,1228.85,1230.7,843.0,842.0,1085.0,1084.0
1213,2018-10-17,1226.75,1229.05,840.0,838.0,1083.0,1080.0
1214,2018-10-18,1224.6,1223.0,832.0,828.0,1076.0,1075.0
1215,2018-10-19,1228.25,1227.85,828.5,835.0,1082.0,1086.0
1216,2018-10-22,1222.9,1222.3,833.0,830.0,1090.0,1105.0
1217,2018-10-23,1235.6,1235.95,828.0,831.0,1136.0,1141.0
1218,2018-10-24,1231.65,1230.55,827.0,827.0,1141.0,1125.0
1219,2018-10-25,1232.15,1230.8,828.0,832.0,1113.0,1105.0
1220,2018-10-26,1236.05,1233.85,826.0,825.0,1084.0,1093.0
1221,2018-10-29,1230.75,1230.8,832.0,837.0,1103.0,1116.0
1222,2018-10-30,1220.0,1225.4,833.0,836.0,1086.0,1082.0
1223,2018-10-31,1217.7,1214.95,831.0,834.0,1072.0,1082.0
1224,2018-11-01,1223.25,1231.15,848.0,852.0,1084.0,1091.0
1225,2018-11-02,1235.5,1232.1,865.0,866.0,1104.0,1114.0
1226,2018-11-05,1231.6,1232.25,869.0,863.0,1122.0,1126.0
1227,2018-11-06,1234.85,1231.6,869.0,874.0,1134.0,1129.0
1228,2018-11-07,1235.05,1229.95,876.0,873.0,1122.0,1133.5
1229,2018-11-08,1223.45,1224.15,871.0,866.0,1123.0,1118.0
1230,2018-11-09,1219.05,1211.4,861.0,858.0,1120.0,1122.0
1231,2018-11-12,1207.05,1205.55,851.0,852.0,1110.0,1114.0
1232,2018-11-13,1197.55,1202.1,844.0,843.0,1105.0,1112.0
1233,2018-11-14,1201.45,1203.25,833.0,835.0,1105.0,1123.0
1234,2018-11-15,1210.6,1211.85,833.0,833.0,1131.0,1130.0
1235,2018-11-16,1215.8,1222.4,841.0,842.0,1163.0,1178.0
1236,2018-11-19,1223.55,1221.6,844.0,844.0,1182.0,1172.0
1237,2018-11-20,1223.1,1223.0,849.0,845.0,1152.0,1155.0
1238,2018-11-21,1224.0,1226.1,845.0,846.0,1154.0,1152.0
1239,2018-11-22,1228.25,1227.05,846.0,845.0,1149.0,1149.0
1240,2018-11-23,1222.15,1223.65,842.0,838.0,1146.0,1141.0
1241,2018-11-26,1226.65,1223.4,846.0,841.0,1138.0,1144.0
1242,2018-11-27,1225.05,1221.2,841.0,843.0,1142.0,1143.0
1243,2018-11-28,1213.2,1213.25,831.0,831.0,1162.0,1181.0
1244,2018-11-29,1226.45,1226.25,823.0,820.0,1183.0,1174.0
1245,2018-11-30,1220.45,1217.55,810.0,805.0,1192.0,1205.0
1246,2018-12-03,1231.05,1230.3,811.0,804.0,1194.0,1213.0
1247,2018-12-04,1239.25,1240.3,806.0,804.0,1235.0,1243.0
1248,2018-12-05,1236.15,1235.9,797.0,794.0,1249.0,1255.0
1249,2018-12-06,1236.45,1242.55,791.0,788.0,1221.0,1221.0
1250,2018-12-07,1241.2,1243.3,789.0,789.0,1211.0,1208.0
1251,2018-12-10,1246.8,1245.35,787.0,786.0,1220.0,1234.0
1252,2018-12-11,1248.25,1245.3,780.0,786.0,1240.0,1256.0
1253,2018-12-12,1244.75,1245.75,787.0,790.0,1255.0,1260.0
1254,2018-12-13,1244.45,1242.75,800.0,794.0,1264.0,1262.0
1255,2018-12-14,1239.15,1235.35,792.0,784.0,1247.0,1233.0
1256,2018-12-17,1239.1,1241.65,784.0,782.0,1249.0,1258.0
1257,2018-12-18,1248.8,1246.3,792.0,785.0,1262.0,1266.0
1258,2018-12-19,1248.6,1255.0,791.0,791.0,1263.0,1253.0
1259,2018-12-20,1255.0,1259.75,791.0,791.0,1274.0,1271.0
1260,2018-12-21,1257.6,1258.15,793.0,790.0,1259.0,1242.0
1261,2018-12-24,1261.25,,792.0,,1240.0,
1262,2018-12-27,1271.1,1268.0,796.0,793.0,1260.0,1256.0
1263,2018-12-28,1277.25,1279.0,795.0,788.0,1268.0,1270.0
1264,2018-12-31,1281.65,1279.0,795.0,788.0,1268.0,1270.0
